date_key,full_date,day_of_week,day_of_week_num,week_number_iso,month,month_name,quarter,year,is_weekend,is_danish_public_holiday,fiscal_year,fiscal_quarter
20240101,2024-01-01,Monday,1,1,1,January,1,2024,FALSE,TRUE,2024,1
20240102,2024-01-02,Tuesday,2,1,1,January,1,2024,FALSE,FALSE,2024,1
20240103,2024-01-03,Wednesday,3,1,1,January,1,2024,FALSE,FALSE,2024,1
20240104,2024-01-04,Thursday,4,1,1,January,1,2024,FALSE,FALSE,2024,1
20240105,2024-01-05,Friday,5,1,1,January,1,2024,FALSE,FALSE,2024,1
20240106,2024-01-06,Saturday,6,1,1,January,1,2024,TRUE,FALSE,2024,1
20240107,2024-01-07,Sunday,7,1,1,January,1,2024,TRUE,FALSE,2024,1
20240108,2024-01-08,Monday,1,2,1,January,1,2024,FALSE,FALSE,2024,1
20240109,2024-01-09,Tuesday,2,2,1,January,1,2024,FALSE,FALSE,2024,1
20240110,2024-01-10,Wednesday,3,2,1,January,1,2024,FALSE,FALSE,2024,1
20240111,2024-01-11,Thursday,4,2,1,January,1,2024,FALSE,FALSE,2024,1
20240112,2024-01-12,Friday,5,2,1,January,1,2024,FALSE,FALSE,2024,1
20240113,2024-01-13,Saturday,6,2,1,January,1,2024,TRUE,FALSE,2024,1
20240114,2024-01-14,Sunday,7,2,1,January,1,2024,TRUE,FALSE,2024,1
20240115,2024-01-15,Monday,1,3,1,January,1,2024,FALSE,FALSE,2024,1
20240116,2024-01-16,Tuesday,2,3,1,January,1,2024,FALSE,FALSE,2024,1
20240117,2024-01-17,Wednesday,3,3,1,January,1,2024,FALSE,FALSE,2024,1
20240118,2024-01-18,Thursday,4,3,1,January,1,2024,FALSE,FALSE,2024,1
20240119,2024-01-19,Friday,5,3,1,January,1,2024,FALSE,FALSE,2024,1
20240120,2024-01-20,Saturday,6,3,1,January,1,2024,TRUE,FALSE,2024,1
20240121,2024-01-21,Sunday,7,3,1,January,1,2024,TRUE,FALSE,2024,1
20240122,2024-01-22,Monday,1,4,1,January,1,2024,FALSE,FALSE,2024,1
20240123,2024-01-23,Tuesday,2,4,1,January,1,2024,FALSE,FALSE,2024,1
20240124,2024-01-24,Wednesday,3,4,1,January,1,2024,FALSE,FALSE,2024,1
20240125,2024-01-25,Thursday,4,4,1,January,1,2024,FALSE,FALSE,2024,1
20240126,2024-01-26,Friday,5,4,1,January,1,2024,FALSE,FALSE,2024,1
20240127,2024-01-27,Saturday,6,4,1,January,1,2024,TRUE,FALSE,2024,1
20240128,2024-01-28,Sunday,7,4,1,January,1,2024,TRUE,FALSE,2024,1
20240129,2024-01-29,Monday,1,5,1,January,1,2024,FALSE,FALSE,2024,1
20240130,2024-01-30,Tuesday,2,5,1,January,1,2024,FALSE,FALSE,2024,1
20240131,2024-01-31,Wednesday,3,5,1,January,1,2024,FALSE,FALSE,2024,1
20240201,2024-02-01,Thursday,4,5,2,February,1,2024,FALSE,FALSE,2024,1
20240202,2024-02-02,Friday,5,5,2,February,1,2024,FALSE,FALSE,2024,1
20240203,2024-02-03,Saturday,6,5,2,February,1,2024,TRUE,FALSE,2024,1
20240204,2024-02-04,Sunday,7,5,2,February,1,2024,TRUE,FALSE,2024,1
20240205,2024-02-05,Monday,1,6,2,February,1,2024,FALSE,FALSE,2024,1
20240206,2024-02-06,Tuesday,2,6,2,February,1,2024,FALSE,FALSE,2024,1
20240207,2024-02-07,Wednesday,3,6,2,February,1,2024,FALSE,FALSE,2024,1
20240208,2024-02-08,Thursday,4,6,2,February,1,2024,FALSE,FALSE,2024,1
20240209,2024-02-09,Friday,5,6,2,February,1,2024,FALSE,FALSE,2024,1
20240210,2024-02-10,Saturday,6,6,2,February,1,2024,TRUE,FALSE,2024,1
20240211,2024-02-11,Sunday,7,6,2,February,1,2024,TRUE,FALSE,2024,1
20240212,2024-02-12,Monday,1,7,2,February,1,2024,FALSE,FALSE,2024,1
20240213,2024-02-13,Tuesday,2,7,2,February,1,2024,FALSE,FALSE,2024,1
20240214,2024-02-14,Wednesday,3,7,2,February,1,2024,FALSE,FALSE,2024,1
20240215,2024-02-15,Thursday,4,7,2,February,1,2024,FALSE,FALSE,2024,1
20240216,2024-02-16,Friday,5,7,2,February,1,2024,FALSE,FALSE,2024,1
20240217,2024-02-17,Saturday,6,7,2,February,1,2024,TRUE,FALSE,2024,1
20240218,2024-02-18,Sunday,7,7,2,February,1,2024,TRUE,FALSE,2024,1
20240219,2024-02-19,Monday,1,8,2,February,1,2024,FALSE,FALSE,2024,1
20240220,2024-02-20,Tuesday,2,8,2,February,1,2024,FALSE,FALSE,2024,1
20240221,2024-02-21,Wednesday,3,8,2,February,1,2024,FALSE,FALSE,2024,1
20240222,2024-02-22,Thursday,4,8,2,February,1,2024,FALSE,FALSE,2024,1
20240223,2024-02-23,Friday,5,8,2,February,1,2024,FALSE,FALSE,2024,1
20240224,2024-02-24,Saturday,6,8,2,February,1,2024,TRUE,FALSE,2024,1
20240225,2024-02-25,Sunday,7,8,2,February,1,2024,TRUE,FALSE,2024,1
20240226,2024-02-26,Monday,1,9,2,February,1,2024,FALSE,FALSE,2024,1
20240227,2024-02-27,Tuesday,2,9,2,February,1,2024,FALSE,FALSE,2024,1
20240228,2024-02-28,Wednesday,3,9,2,February,1,2024,FALSE,FALSE,2024,1
20240229,2024-02-29,Thursday,4,9,2,February,1,2024,FALSE,FALSE,2024,1
20240301,2024-03-01,Friday,5,9,3,March,1,2024,FALSE,FALSE,2024,1
20240302,2024-03-02,Saturday,6,9,3,March,1,2024,TRUE,FALSE,2024,1
20240303,2024-03-03,Sunday,7,9,3,March,1,2024,TRUE,FALSE,2024,1
20240304,2024-03-04,Monday,1,10,3,March,1,2024,FALSE,FALSE,2024,1
20240305,2024-03-05,Tuesday,2,10,3,March,1,2024,FALSE,FALSE,2024,1
20240306,2024-03-06,Wednesday,3,10,3,March,1,2024,FALSE,FALSE,2024,1
20240307,2024-03-07,Thursday,4,10,3,March,1,2024,FALSE,FALSE,2024,1
20240308,2024-03-08,Friday,5,10,3,March,1,2024,FALSE,FALSE,2024,1
20240309,2024-03-09,Saturday,6,10,3,March,1,2024,TRUE,FALSE,2024,1
20240310,2024-03-10,Sunday,7,10,3,March,1,2024,TRUE,FALSE,2024,1
20240311,2024-03-11,Monday,1,11,3,March,1,2024,FALSE,FALSE,2024,1
20240312,2024-03-12,Tuesday,2,11,3,March,1,2024,FALSE,FALSE,2024,1
20240313,2024-03-13,Wednesday,3,11,3,March,1,2024,FALSE,FALSE,2024,1
20240314,2024-03-14,Thursday,4,11,3,March,1,2024,FALSE,FALSE,2024,1
20240315,2024-03-15,Friday,5,11,3,March,1,2024,FALSE,FALSE,2024,1
20240316,2024-03-16,Saturday,6,11,3,March,1,2024,TRUE,FALSE,2024,1
20240317,2024-03-17,Sunday,7,11,3,March,1,2024,TRUE,FALSE,2024,1
20240318,2024-03-18,Monday,1,12,3,March,1,2024,FALSE,FALSE,2024,1
20240319,2024-03-19,Tuesday,2,12,3,March,1,2024,FALSE,FALSE,2024,1
20240320,2024-03-20,Wednesday,3,12,3,March,1,2024,FALSE,FALSE,2024,1
20240321,2024-03-21,Thursday,4,12,3,March,1,2024,FALSE,FALSE,2024,1
20240322,2024-03-22,Friday,5,12,3,March,1,2024,FALSE,FALSE,2024,1
20240323,2024-03-23,Saturday,6,12,3,March,1,2024,TRUE,FALSE,2024,1
20240324,2024-03-24,Sunday,7,12,3,March,1,2024,TRUE,FALSE,2024,1
20240325,2024-03-25,Monday,1,13,3,March,1,2024,FALSE,FALSE,2024,1
20240326,2024-03-26,Tuesday,2,13,3,March,1,2024,FALSE,FALSE,2024,1
20240327,2024-03-27,Wednesday,3,13,3,March,1,2024,FALSE,FALSE,2024,1
20240328,2024-03-28,Thursday,4,13,3,March,1,2024,FALSE,FALSE,2024,1
20240329,2024-03-29,Friday,5,13,3,March,1,2024,FALSE,FALSE,2024,1
20240330,2024-03-30,Saturday,6,13,3,March,1,2024,TRUE,FALSE,2024,1
20240331,2024-03-31,Sunday,7,13,3,March,1,2024,TRUE,FALSE,2024,1
20240401,2024-04-01,Monday,1,14,4,April,2,2024,FALSE,FALSE,2024,2
20240402,2024-04-02,Tuesday,2,14,4,April,2,2024,FALSE,FALSE,2024,2
20240403,2024-04-03,Wednesday,3,14,4,April,2,2024,FALSE,FALSE,2024,2
20240404,2024-04-04,Thursday,4,14,4,April,2,2024,FALSE,FALSE,2024,2
20240405,2024-04-05,Friday,5,14,4,April,2,2024,FALSE,FALSE,2024,2
20240406,2024-04-06,Saturday,6,14,4,April,2,2024,TRUE,FALSE,2024,2
20240407,2024-04-07,Sunday,7,14,4,April,2,2024,TRUE,FALSE,2024,2
20240408,2024-04-08,Monday,1,15,4,April,2,2024,FALSE,FALSE,2024,2
20240409,2024-04-09,Tuesday,2,15,4,April,2,2024,FALSE,FALSE,2024,2
20240410,2024-04-10,Wednesday,3,15,4,April,2,2024,FALSE,FALSE,2024,2
20240411,2024-04-11,Thursday,4,15,4,April,2,2024,FALSE,FALSE,2024,2
20240412,2024-04-12,Friday,5,15,4,April,2,2024,FALSE,FALSE,2024,2
20240413,2024-04-13,Saturday,6,15,4,April,2,2024,TRUE,FALSE,2024,2
20240414,2024-04-14,Sunday,7,15,4,April,2,2024,TRUE,FALSE,2024,2
20240415,2024-04-15,Monday,1,16,4,April,2,2024,FALSE,FALSE,2024,2
20240416,2024-04-16,Tuesday,2,16,4,April,2,2024,FALSE,FALSE,2024,2
20240417,2024-04-17,Wednesday,3,16,4,April,2,2024,FALSE,FALSE,2024,2
20240418,2024-04-18,Thursday,4,16,4,April,2,2024,FALSE,FALSE,2024,2
20240419,2024-04-19,Friday,5,16,4,April,2,2024,FALSE,FALSE,2024,2
20240420,2024-04-20,Saturday,6,16,4,April,2,2024,TRUE,FALSE,2024,2
20240421,2024-04-21,Sunday,7,16,4,April,2,2024,TRUE,FALSE,2024,2
20240422,2024-04-22,Monday,1,17,4,April,2,2024,FALSE,FALSE,2024,2
20240423,2024-04-23,Tuesday,2,17,4,April,2,2024,FALSE,FALSE,2024,2
20240424,2024-04-24,Wednesday,3,17,4,April,2,2024,FALSE,FALSE,2024,2
20240425,2024-04-25,Thursday,4,17,4,April,2,2024,FALSE,FALSE,2024,2
20240426,2024-04-26,Friday,5,17,4,April,2,2024,FALSE,FALSE,2024,2
20240427,2024-04-27,Saturday,6,17,4,April,2,2024,TRUE,FALSE,2024,2
20240428,2024-04-28,Sunday,7,17,4,April,2,2024,TRUE,FALSE,2024,2
20240429,2024-04-29,Monday,1,18,4,April,2,2024,FALSE,FALSE,2024,2
20240430,2024-04-30,Tuesday,2,18,4,April,2,2024,FALSE,FALSE,2024,2
20240501,2024-05-01,Wednesday,3,18,5,May,2,2024,FALSE,FALSE,2024,2
20240502,2024-05-02,Thursday,4,18,5,May,2,2024,FALSE,FALSE,2024,2
20240503,2024-05-03,Friday,5,18,5,May,2,2024,FALSE,FALSE,2024,2
20240504,2024-05-04,Saturday,6,18,5,May,2,2024,TRUE,FALSE,2024,2
20240505,2024-05-05,Sunday,7,18,5,May,2,2024,TRUE,FALSE,2024,2
20240506,2024-05-06,Monday,1,19,5,May,2,2024,FALSE,FALSE,2024,2
20240507,2024-05-07,Tuesday,2,19,5,May,2,2024,FALSE,FALSE,2024,2
20240508,2024-05-08,Wednesday,3,19,5,May,2,2024,FALSE,FALSE,2024,2
20240509,2024-05-09,Thursday,4,19,5,May,2,2024,FALSE,FALSE,2024,2
20240510,2024-05-10,Friday,5,19,5,May,2,2024,FALSE,FALSE,2024,2
20240511,2024-05-11,Saturday,6,19,5,May,2,2024,TRUE,FALSE,2024,2
20240512,2024-05-12,Sunday,7,19,5,May,2,2024,TRUE,FALSE,2024,2
20240513,2024-05-13,Monday,1,20,5,May,2,2024,FALSE,FALSE,2024,2
20240514,2024-05-14,Tuesday,2,20,5,May,2,2024,FALSE,FALSE,2024,2
20240515,2024-05-15,Wednesday,3,20,5,May,2,2024,FALSE,FALSE,2024,2
20240516,2024-05-16,Thursday,4,20,5,May,2,2024,FALSE,FALSE,2024,2
20240517,2024-05-17,Friday,5,20,5,May,2,2024,FALSE,FALSE,2024,2
20240518,2024-05-18,Saturday,6,20,5,May,2,2024,TRUE,FALSE,2024,2
20240519,2024-05-19,Sunday,7,20,5,May,2,2024,TRUE,FALSE,2024,2
20240520,2024-05-20,Monday,1,21,5,May,2,2024,FALSE,FALSE,2024,2
20240521,2024-05-21,Tuesday,2,21,5,May,2,2024,FALSE,FALSE,2024,2
20240522,2024-05-22,Wednesday,3,21,5,May,2,2024,FALSE,FALSE,2024,2
20240523,2024-05-23,Thursday,4,21,5,May,2,2024,FALSE,FALSE,2024,2
20240524,2024-05-24,Friday,5,21,5,May,2,2024,FALSE,FALSE,2024,2
20240525,2024-05-25,Saturday,6,21,5,May,2,2024,TRUE,FALSE,2024,2
20240526,2024-05-26,Sunday,7,21,5,May,2,2024,TRUE,FALSE,2024,2
20240527,2024-05-27,Monday,1,22,5,May,2,2024,FALSE,FALSE,2024,2
20240528,2024-05-28,Tuesday,2,22,5,May,2,2024,FALSE,FALSE,2024,2
20240529,2024-05-29,Wednesday,3,22,5,May,2,2024,FALSE,FALSE,2024,2
20240530,2024-05-30,Thursday,4,22,5,May,2,2024,FALSE,FALSE,2024,2
20240531,2024-05-31,Friday,5,22,5,May,2,2024,FALSE,FALSE,2024,2
20240601,2024-06-01,Saturday,6,22,6,June,2,2024,TRUE,FALSE,2024,2
20240602,2024-06-02,Sunday,7,22,6,June,2,2024,TRUE,FALSE,2024,2
20240603,2024-06-03,Monday,1,23,6,June,2,2024,FALSE,FALSE,2024,2
20240604,2024-06-04,Tuesday,2,23,6,June,2,2024,FALSE,FALSE,2024,2
20240605,2024-06-05,Wednesday,3,23,6,June,2,2024,FALSE,TRUE,2024,2
20240606,2024-06-06,Thursday,4,23,6,June,2,2024,FALSE,FALSE,2024,2
20240607,2024-06-07,Friday,5,23,6,June,2,2024,FALSE,FALSE,2024,2
20240608,2024-06-08,Saturday,6,23,6,June,2,2024,TRUE,FALSE,2024,2
20240609,2024-06-09,Sunday,7,23,6,June,2,2024,TRUE,FALSE,2024,2
20240610,2024-06-10,Monday,1,24,6,June,2,2024,FALSE,FALSE,2024,2
20240611,2024-06-11,Tuesday,2,24,6,June,2,2024,FALSE,FALSE,2024,2
20240612,2024-06-12,Wednesday,3,24,6,June,2,2024,FALSE,FALSE,2024,2
20240613,2024-06-13,Thursday,4,24,6,June,2,2024,FALSE,FALSE,2024,2
20240614,2024-06-14,Friday,5,24,6,June,2,2024,FALSE,FALSE,2024,2
20240615,2024-06-15,Saturday,6,24,6,June,2,2024,TRUE,FALSE,2024,2
20240616,2024-06-16,Sunday,7,24,6,June,2,2024,TRUE,FALSE,2024,2
20240617,2024-06-17,Monday,1,25,6,June,2,2024,FALSE,FALSE,2024,2
20240618,2024-06-18,Tuesday,2,25,6,June,2,2024,FALSE,FALSE,2024,2
20240619,2024-06-19,Wednesday,3,25,6,June,2,2024,FALSE,FALSE,2024,2
20240620,2024-06-20,Thursday,4,25,6,June,2,2024,FALSE,FALSE,2024,2
20240621,2024-06-21,Friday,5,25,6,June,2,2024,FALSE,FALSE,2024,2
20240622,2024-06-22,Saturday,6,25,6,June,2,2024,TRUE,FALSE,2024,2
20240623,2024-06-23,Sunday,7,25,6,June,2,2024,TRUE,FALSE,2024,2
20240624,2024-06-24,Monday,1,26,6,June,2,2024,FALSE,FALSE,2024,2
20240625,2024-06-25,Tuesday,2,26,6,June,2,2024,FALSE,FALSE,2024,2
20240626,2024-06-26,Wednesday,3,26,6,June,2,2024,FALSE,FALSE,2024,2
20240627,2024-06-27,Thursday,4,26,6,June,2,2024,FALSE,FALSE,2024,2
20240628,2024-06-28,Friday,5,26,6,June,2,2024,FALSE,FALSE,2024,2
20240629,2024-06-29,Saturday,6,26,6,June,2,2024,TRUE,FALSE,2024,2
20240630,2024-06-30,Sunday,7,26,6,June,2,2024,TRUE,FALSE,2024,2
20240701,2024-07-01,Monday,1,27,7,July,3,2024,FALSE,FALSE,2024,3
20240702,2024-07-02,Tuesday,2,27,7,July,3,2024,FALSE,FALSE,2024,3
20240703,2024-07-03,Wednesday,3,27,7,July,3,2024,FALSE,FALSE,2024,3
20240704,2024-07-04,Thursday,4,27,7,July,3,2024,FALSE,FALSE,2024,3
20240705,2024-07-05,Friday,5,27,7,July,3,2024,FALSE,FALSE,2024,3
20240706,2024-07-06,Saturday,6,27,7,July,3,2024,TRUE,FALSE,2024,3
20240707,2024-07-07,Sunday,7,27,7,July,3,2024,TRUE,FALSE,2024,3
20240708,2024-07-08,Monday,1,28,7,July,3,2024,FALSE,FALSE,2024,3
20240709,2024-07-09,Tuesday,2,28,7,July,3,2024,FALSE,FALSE,2024,3
20240710,2024-07-10,Wednesday,3,28,7,July,3,2024,FALSE,FALSE,2024,3
20240711,2024-07-11,Thursday,4,28,7,July,3,2024,FALSE,FALSE,2024,3
20240712,2024-07-12,Friday,5,28,7,July,3,2024,FALSE,FALSE,2024,3
20240713,2024-07-13,Saturday,6,28,7,July,3,2024,TRUE,FALSE,2024,3
20240714,2024-07-14,Sunday,7,28,7,July,3,2024,TRUE,FALSE,2024,3
20240715,2024-07-15,Monday,1,29,7,July,3,2024,FALSE,FALSE,2024,3
20240716,2024-07-16,Tuesday,2,29,7,July,3,2024,FALSE,FALSE,2024,3
20240717,2024-07-17,Wednesday,3,29,7,July,3,2024,FALSE,FALSE,2024,3
20240718,2024-07-18,Thursday,4,29,7,July,3,2024,FALSE,FALSE,2024,3
20240719,2024-07-19,Friday,5,29,7,July,3,2024,FALSE,FALSE,2024,3
20240720,2024-07-20,Saturday,6,29,7,July,3,2024,TRUE,FALSE,2024,3
20240721,2024-07-21,Sunday,7,29,7,July,3,2024,TRUE,FALSE,2024,3
20240722,2024-07-22,Monday,1,30,7,July,3,2024,FALSE,FALSE,2024,3
20240723,2024-07-23,Tuesday,2,30,7,July,3,2024,FALSE,FALSE,2024,3
20240724,2024-07-24,Wednesday,3,30,7,July,3,2024,FALSE,FALSE,2024,3
20240725,2024-07-25,Thursday,4,30,7,July,3,2024,FALSE,FALSE,2024,3
20240726,2024-07-26,Friday,5,30,7,July,3,2024,FALSE,FALSE,2024,3
20240727,2024-07-27,Saturday,6,30,7,July,3,2024,TRUE,FALSE,2024,3
20240728,2024-07-28,Sunday,7,30,7,July,3,2024,TRUE,FALSE,2024,3
20240729,2024-07-29,Monday,1,31,7,July,3,2024,FALSE,FALSE,2024,3
20240730,2024-07-30,Tuesday,2,31,7,July,3,2024,FALSE,FALSE,2024,3
20240731,2024-07-31,Wednesday,3,31,7,July,3,2024,FALSE,FALSE,2024,3
20240801,2024-08-01,Thursday,4,31,8,August,3,2024,FALSE,FALSE,2024,3
20240802,2024-08-02,Friday,5,31,8,August,3,2024,FALSE,FALSE,2024,3
20240803,2024-08-03,Saturday,6,31,8,August,3,2024,TRUE,FALSE,2024,3
20240804,2024-08-04,Sunday,7,31,8,August,3,2024,TRUE,FALSE,2024,3
20240805,2024-08-05,Monday,1,32,8,August,3,2024,FALSE,FALSE,2024,3
20240806,2024-08-06,Tuesday,2,32,8,August,3,2024,FALSE,FALSE,2024,3
20240807,2024-08-07,Wednesday,3,32,8,August,3,2024,FALSE,FALSE,2024,3
20240808,2024-08-08,Thursday,4,32,8,August,3,2024,FALSE,FALSE,2024,3
20240809,2024-08-09,Friday,5,32,8,August,3,2024,FALSE,FALSE,2024,3
20240810,2024-08-10,Saturday,6,32,8,August,3,2024,TRUE,FALSE,2024,3
20240811,2024-08-11,Sunday,7,32,8,August,3,2024,TRUE,FALSE,2024,3
20240812,2024-08-12,Monday,1,33,8,August,3,2024,FALSE,FALSE,2024,3
20240813,2024-08-13,Tuesday,2,33,8,August,3,2024,FALSE,FALSE,2024,3
20240814,2024-08-14,Wednesday,3,33,8,August,3,2024,FALSE,FALSE,2024,3
20240815,2024-08-15,Thursday,4,33,8,August,3,2024,FALSE,FALSE,2024,3
20240816,2024-08-16,Friday,5,33,8,August,3,2024,FALSE,FALSE,2024,3
20240817,2024-08-17,Saturday,6,33,8,August,3,2024,TRUE,FALSE,2024,3
20240818,2024-08-18,Sunday,7,33,8,August,3,2024,TRUE,FALSE,2024,3
20240819,2024-08-19,Monday,1,34,8,August,3,2024,FALSE,FALSE,2024,3
20240820,2024-08-20,Tuesday,2,34,8,August,3,2024,FALSE,FALSE,2024,3
20240821,2024-08-21,Wednesday,3,34,8,August,3,2024,FALSE,FALSE,2024,3
20240822,2024-08-22,Thursday,4,34,8,August,3,2024,FALSE,FALSE,2024,3
20240823,2024-08-23,Friday,5,34,8,August,3,2024,FALSE,FALSE,2024,3
20240824,2024-08-24,Saturday,6,34,8,August,3,2024,TRUE,FALSE,2024,3
20240825,2024-08-25,Sunday,7,34,8,August,3,2024,TRUE,FALSE,2024,3
20240826,2024-08-26,Monday,1,35,8,August,3,2024,FALSE,FALSE,2024,3
20240827,2024-08-27,Tuesday,2,35,8,August,3,2024,FALSE,FALSE,2024,3
20240828,2024-08-28,Wednesday,3,35,8,August,3,2024,FALSE,FALSE,2024,3
20240829,2024-08-29,Thursday,4,35,8,August,3,2024,FALSE,FALSE,2024,3
20240830,2024-08-30,Friday,5,35,8,August,3,2024,FALSE,FALSE,2024,3
20240831,2024-08-31,Saturday,6,35,8,August,3,2024,TRUE,FALSE,2024,3
20240901,2024-09-01,Sunday,7,35,9,September,3,2024,TRUE,FALSE,2024,3
20240902,2024-09-02,Monday,1,36,9,September,3,2024,FALSE,FALSE,2024,3
20240903,2024-09-03,Tuesday,2,36,9,September,3,2024,FALSE,FALSE,2024,3
20240904,2024-09-04,Wednesday,3,36,9,September,3,2024,FALSE,FALSE,2024,3
20240905,2024-09-05,Thursday,4,36,9,September,3,2024,FALSE,FALSE,2024,3
20240906,2024-09-06,Friday,5,36,9,September,3,2024,FALSE,FALSE,2024,3
20240907,2024-09-07,Saturday,6,36,9,September,3,2024,TRUE,FALSE,2024,3
20240908,2024-09-08,Sunday,7,36,9,September,3,2024,TRUE,FALSE,2024,3
20240909,2024-09-09,Monday,1,37,9,September,3,2024,FALSE,FALSE,2024,3
20240910,2024-09-10,Tuesday,2,37,9,September,3,2024,FALSE,FALSE,2024,3
20240911,2024-09-11,Wednesday,3,37,9,September,3,2024,FALSE,FALSE,2024,3
20240912,2024-09-12,Thursday,4,37,9,September,3,2024,FALSE,FALSE,2024,3
20240913,2024-09-13,Friday,5,37,9,September,3,2024,FALSE,FALSE,2024,3
20240914,2024-09-14,Saturday,6,37,9,September,3,2024,TRUE,FALSE,2024,3
20240915,2024-09-15,Sunday,7,37,9,September,3,2024,TRUE,FALSE,2024,3
20240916,2024-09-16,Monday,1,38,9,September,3,2024,FALSE,FALSE,2024,3
20240917,2024-09-17,Tuesday,2,38,9,September,3,2024,FALSE,FALSE,2024,3
20240918,2024-09-18,Wednesday,3,38,9,September,3,2024,FALSE,FALSE,2024,3
20240919,2024-09-19,Thursday,4,38,9,September,3,2024,FALSE,FALSE,2024,3
20240920,2024-09-20,Friday,5,38,9,September,3,2024,FALSE,FALSE,2024,3
20240921,2024-09-21,Saturday,6,38,9,September,3,2024,TRUE,FALSE,2024,3
20240922,2024-09-22,Sunday,7,38,9,September,3,2024,TRUE,FALSE,2024,3
20240923,2024-09-23,Monday,1,39,9,September,3,2024,FALSE,FALSE,2024,3
20240924,2024-09-24,Tuesday,2,39,9,September,3,2024,FALSE,FALSE,2024,3
20240925,2024-09-25,Wednesday,3,39,9,September,3,2024,FALSE,FALSE,2024,3
20240926,2024-09-26,Thursday,4,39,9,September,3,2024,FALSE,FALSE,2024,3
20240927,2024-09-27,Friday,5,39,9,September,3,2024,FALSE,FALSE,2024,3
20240928,2024-09-28,Saturday,6,39,9,September,3,2024,TRUE,FALSE,2024,3
20240929,2024-09-29,Sunday,7,39,9,September,3,2024,TRUE,FALSE,2024,3
20240930,2024-09-30,Monday,1,40,9,September,3,2024,FALSE,FALSE,2024,3
20241001,2024-10-01,Tuesday,2,40,10,October,4,2024,FALSE,FALSE,2024,4
20241002,2024-10-02,Wednesday,3,40,10,October,4,2024,FALSE,FALSE,2024,4
20241003,2024-10-03,Thursday,4,40,10,October,4,2024,FALSE,FALSE,2024,4
20241004,2024-10-04,Friday,5,40,10,October,4,2024,FALSE,FALSE,2024,4
20241005,2024-10-05,Saturday,6,40,10,October,4,2024,TRUE,FALSE,2024,4
20241006,2024-10-06,Sunday,7,40,10,October,4,2024,TRUE,FALSE,2024,4
20241007,2024-10-07,Monday,1,41,10,October,4,2024,FALSE,FALSE,2024,4
20241008,2024-10-08,Tuesday,2,41,10,October,4,2024,FALSE,FALSE,2024,4
20241009,2024-10-09,Wednesday,3,41,10,October,4,2024,FALSE,FALSE,2024,4
20241010,2024-10-10,Thursday,4,41,10,October,4,2024,FALSE,FALSE,2024,4
20241011,2024-10-11,Friday,5,41,10,October,4,2024,FALSE,FALSE,2024,4
20241012,2024-10-12,Saturday,6,41,10,October,4,2024,TRUE,FALSE,2024,4
20241013,2024-10-13,Sunday,7,41,10,October,4,2024,TRUE,FALSE,2024,4
20241014,2024-10-14,Monday,1,42,10,October,4,2024,FALSE,FALSE,2024,4
20241015,2024-10-15,Tuesday,2,42,10,October,4,2024,FALSE,FALSE,2024,4
20241016,2024-10-16,Wednesday,3,42,10,October,4,2024,FALSE,FALSE,2024,4
20241017,2024-10-17,Thursday,4,42,10,October,4,2024,FALSE,FALSE,2024,4
20241018,2024-10-18,Friday,5,42,10,October,4,2024,FALSE,FALSE,2024,4
20241019,2024-10-19,Saturday,6,42,10,October,4,2024,TRUE,FALSE,2024,4
20241020,2024-10-20,Sunday,7,42,10,October,4,2024,TRUE,FALSE,2024,4
20241021,2024-10-21,Monday,1,43,10,October,4,2024,FALSE,FALSE,2024,4
20241022,2024-10-22,Tuesday,2,43,10,October,4,2024,FALSE,FALSE,2024,4
20241023,2024-10-23,Wednesday,3,43,10,October,4,2024,FALSE,FALSE,2024,4
20241024,2024-10-24,Thursday,4,43,10,October,4,2024,FALSE,FALSE,2024,4
20241025,2024-10-25,Friday,5,43,10,October,4,2024,FALSE,FALSE,2024,4
20241026,2024-10-26,Saturday,6,43,10,October,4,2024,TRUE,FALSE,2024,4
20241027,2024-10-27,Sunday,7,43,10,October,4,2024,TRUE,FALSE,2024,4
20241028,2024-10-28,Monday,1,44,10,October,4,2024,FALSE,FALSE,2024,4
20241029,2024-10-29,Tuesday,2,44,10,October,4,2024,FALSE,FALSE,2024,4
20241030,2024-10-30,Wednesday,3,44,10,October,4,2024,FALSE,FALSE,2024,4
20241031,2024-10-31,Thursday,4,44,10,October,4,2024,FALSE,FALSE,2024,4
20241101,2024-11-01,Friday,5,44,11,November,4,2024,FALSE,FALSE,2024,4
20241102,2024-11-02,Saturday,6,44,11,November,4,2024,TRUE,FALSE,2024,4
20241103,2024-11-03,Sunday,7,44,11,November,4,2024,TRUE,FALSE,2024,4
20241104,2024-11-04,Monday,1,45,11,November,4,2024,FALSE,FALSE,2024,4
20241105,2024-11-05,Tuesday,2,45,11,November,4,2024,FALSE,FALSE,2024,4
20241106,2024-11-06,Wednesday,3,45,11,November,4,2024,FALSE,FALSE,2024,4
20241107,2024-11-07,Thursday,4,45,11,November,4,2024,FALSE,FALSE,2024,4
20241108,2024-11-08,Friday,5,45,11,November,4,2024,FALSE,FALSE,2024,4
20241109,2024-11-09,Saturday,6,45,11,November,4,2024,TRUE,FALSE,2024,4
20241110,2024-11-10,Sunday,7,45,11,November,4,2024,TRUE,FALSE,2024,4
20241111,2024-11-11,Monday,1,46,11,November,4,2024,FALSE,FALSE,2024,4
20241112,2024-11-12,Tuesday,2,46,11,November,4,2024,FALSE,FALSE,2024,4
20241113,2024-11-13,Wednesday,3,46,11,November,4,2024,FALSE,FALSE,2024,4
20241114,2024-11-14,Thursday,4,46,11,November,4,2024,FALSE,FALSE,2024,4
20241115,2024-11-15,Friday,5,46,11,November,4,2024,FALSE,FALSE,2024,4
20241116,2024-11-16,Saturday,6,46,11,November,4,2024,TRUE,FALSE,2024,4
20241117,2024-11-17,Sunday,7,46,11,November,4,2024,TRUE,FALSE,2024,4
20241118,2024-11-18,Monday,1,47,11,November,4,2024,FALSE,FALSE,2024,4
20241119,2024-11-19,Tuesday,2,47,11,November,4,2024,FALSE,FALSE,2024,4
20241120,2024-11-20,Wednesday,3,47,11,November,4,2024,FALSE,FALSE,2024,4
20241121,2024-11-21,Thursday,4,47,11,November,4,2024,FALSE,FALSE,2024,4
20241122,2024-11-22,Friday,5,47,11,November,4,2024,FALSE,FALSE,2024,4
20241123,2024-11-23,Saturday,6,47,11,November,4,2024,TRUE,FALSE,2024,4
20241124,2024-11-24,Sunday,7,47,11,November,4,2024,TRUE,FALSE,2024,4
20241125,2024-11-25,Monday,1,48,11,November,4,2024,FALSE,FALSE,2024,4
20241126,2024-11-26,Tuesday,2,48,11,November,4,2024,FALSE,FALSE,2024,4
20241127,2024-11-27,Wednesday,3,48,11,November,4,2024,FALSE,FALSE,2024,4
20241128,2024-11-28,Thursday,4,48,11,November,4,2024,FALSE,FALSE,2024,4
20241129,2024-11-29,Friday,5,48,11,November,4,2024,FALSE,FALSE,2024,4
20241130,2024-11-30,Saturday,6,48,11,November,4,2024,TRUE,FALSE,2024,4
20241201,2024-12-01,Sunday,7,48,12,December,4,2024,TRUE,FALSE,2024,4
20241202,2024-12-02,Monday,1,49,12,December,4,2024,FALSE,FALSE,2024,4
20241203,2024-12-03,Tuesday,2,49,12,December,4,2024,FALSE,FALSE,2024,4
20241204,2024-12-04,Wednesday,3,49,12,December,4,2024,FALSE,FALSE,2024,4
20241205,2024-12-05,Thursday,4,49,12,December,4,2024,FALSE,FALSE,2024,4
20241206,2024-12-06,Friday,5,49,12,December,4,2024,FALSE,FALSE,2024,4
20241207,2024-12-07,Saturday,6,49,12,December,4,2024,TRUE,FALSE,2024,4
20241208,2024-12-08,Sunday,7,49,12,December,4,2024,TRUE,FALSE,2024,4
20241209,2024-12-09,Monday,1,50,12,December,4,2024,FALSE,FALSE,2024,4
20241210,2024-12-10,Tuesday,2,50,12,December,4,2024,FALSE,FALSE,2024,4
20241211,2024-12-11,Wednesday,3,50,12,December,4,2024,FALSE,FALSE,2024,4
20241212,2024-12-12,Thursday,4,50,12,December,4,2024,FALSE,FALSE,2024,4
20241213,2024-12-13,Friday,5,50,12,December,4,2024,FALSE,FALSE,2024,4
20241214,2024-12-14,Saturday,6,50,12,December,4,2024,TRUE,FALSE,2024,4
20241215,2024-12-15,Sunday,7,50,12,December,4,2024,TRUE,FALSE,2024,4
20241216,2024-12-16,Monday,1,51,12,December,4,2024,FALSE,FALSE,2024,4
20241217,2024-12-17,Tuesday,2,51,12,December,4,2024,FALSE,FALSE,2024,4
20241218,2024-12-18,Wednesday,3,51,12,December,4,2024,FALSE,FALSE,2024,4
20241219,2024-12-19,Thursday,4,51,12,December,4,2024,FALSE,FALSE,2024,4
20241220,2024-12-20,Friday,5,51,12,December,4,2024,FALSE,FALSE,2024,4
20241221,2024-12-21,Saturday,6,51,12,December,4,2024,TRUE,FALSE,2024,4
20241222,2024-12-22,Sunday,7,51,12,December,4,2024,TRUE,FALSE,2024,4
20241223,2024-12-23,Monday,1,52,12,December,4,2024,FALSE,FALSE,2024,4
20241224,2024-12-24,Tuesday,2,52,12,December,4,2024,FALSE,TRUE,2024,4
20241225,2024-12-25,Wednesday,3,52,12,December,4,2024,FALSE,TRUE,2024,4
20241226,2024-12-26,Thursday,4,52,12,December,4,2024,FALSE,TRUE,2024,4
20241227,2024-12-27,Friday,5,52,12,December,4,2024,FALSE,FALSE,2024,4
20241228,2024-12-28,Saturday,6,52,12,December,4,2024,TRUE,FALSE,2024,4
20241229,2024-12-29,Sunday,7,52,12,December,4,2024,TRUE,FALSE,2024,4
20241230,2024-12-30,Monday,1,1,12,December,4,2024,FALSE,FALSE,2024,4
20241231,2024-12-31,Tuesday,2,1,12,December,4,2024,FALSE,FALSE,2024,4
20250101,2025-01-01,Wednesday,3,1,1,January,1,2025,FALSE,TRUE,2025,1
20250102,2025-01-02,Thursday,4,1,1,January,1,2025,FALSE,FALSE,2025,1
20250103,2025-01-03,Friday,5,1,1,January,1,2025,FALSE,FALSE,2025,1
20250104,2025-01-04,Saturday,6,1,1,January,1,2025,TRUE,FALSE,2025,1
20250105,2025-01-05,Sunday,7,1,1,January,1,2025,TRUE,FALSE,2025,1
20250106,2025-01-06,Monday,1,2,1,January,1,2025,FALSE,FALSE,2025,1
20250107,2025-01-07,Tuesday,2,2,1,January,1,2025,FALSE,FALSE,2025,1
20250108,2025-01-08,Wednesday,3,2,1,January,1,2025,FALSE,FALSE,2025,1
20250109,2025-01-09,Thursday,4,2,1,January,1,2025,FALSE,FALSE,2025,1
20250110,2025-01-10,Friday,5,2,1,January,1,2025,FALSE,FALSE,2025,1
20250111,2025-01-11,Saturday,6,2,1,January,1,2025,TRUE,FALSE,2025,1
20250112,2025-01-12,Sunday,7,2,1,January,1,2025,TRUE,FALSE,2025,1
20250113,2025-01-13,Monday,1,3,1,January,1,2025,FALSE,FALSE,2025,1
20250114,2025-01-14,Tuesday,2,3,1,January,1,2025,FALSE,FALSE,2025,1
20250115,2025-01-15,Wednesday,3,3,1,January,1,2025,FALSE,FALSE,2025,1
20250116,2025-01-16,Thursday,4,3,1,January,1,2025,FALSE,FALSE,2025,1
20250117,2025-01-17,Friday,5,3,1,January,1,2025,FALSE,FALSE,2025,1
20250118,2025-01-18,Saturday,6,3,1,January,1,2025,TRUE,FALSE,2025,1
20250119,2025-01-19,Sunday,7,3,1,January,1,2025,TRUE,FALSE,2025,1
20250120,2025-01-20,Monday,1,4,1,January,1,2025,FALSE,FALSE,2025,1
20250121,2025-01-21,Tuesday,2,4,1,January,1,2025,FALSE,FALSE,2025,1
20250122,2025-01-22,Wednesday,3,4,1,January,1,2025,FALSE,FALSE,2025,1
20250123,2025-01-23,Thursday,4,4,1,January,1,2025,FALSE,FALSE,2025,1
20250124,2025-01-24,Friday,5,4,1,January,1,2025,FALSE,FALSE,2025,1
20250125,2025-01-25,Saturday,6,4,1,January,1,2025,TRUE,FALSE,2025,1
20250126,2025-01-26,Sunday,7,4,1,January,1,2025,TRUE,FALSE,2025,1
20250127,2025-01-27,Monday,1,5,1,January,1,2025,FALSE,FALSE,2025,1
20250128,2025-01-28,Tuesday,2,5,1,January,1,2025,FALSE,FALSE,2025,1
20250129,2025-01-29,Wednesday,3,5,1,January,1,2025,FALSE,FALSE,2025,1
20250130,2025-01-30,Thursday,4,5,1,January,1,2025,FALSE,FALSE,2025,1
20250131,2025-01-31,Friday,5,5,1,January,1,2025,FALSE,FALSE,2025,1
20250201,2025-02-01,Saturday,6,5,2,February,1,2025,TRUE,FALSE,2025,1
20250202,2025-02-02,Sunday,7,5,2,February,1,2025,TRUE,FALSE,2025,1
20250203,2025-02-03,Monday,1,6,2,February,1,2025,FALSE,FALSE,2025,1
20250204,2025-02-04,Tuesday,2,6,2,February,1,2025,FALSE,FALSE,2025,1
20250205,2025-02-05,Wednesday,3,6,2,February,1,2025,FALSE,FALSE,2025,1
20250206,2025-02-06,Thursday,4,6,2,February,1,2025,FALSE,FALSE,2025,1
20250207,2025-02-07,Friday,5,6,2,February,1,2025,FALSE,FALSE,2025,1
20250208,2025-02-08,Saturday,6,6,2,February,1,2025,TRUE,FALSE,2025,1
20250209,2025-02-09,Sunday,7,6,2,February,1,2025,TRUE,FALSE,2025,1
20250210,2025-02-10,Monday,1,7,2,February,1,2025,FALSE,FALSE,2025,1
20250211,2025-02-11,Tuesday,2,7,2,February,1,2025,FALSE,FALSE,2025,1
20250212,2025-02-12,Wednesday,3,7,2,February,1,2025,FALSE,FALSE,2025,1
20250213,2025-02-13,Thursday,4,7,2,February,1,2025,FALSE,FALSE,2025,1
20250214,2025-02-14,Friday,5,7,2,February,1,2025,FALSE,FALSE,2025,1
20250215,2025-02-15,Saturday,6,7,2,February,1,2025,TRUE,FALSE,2025,1
20250216,2025-02-16,Sunday,7,7,2,February,1,2025,TRUE,FALSE,2025,1
20250217,2025-02-17,Monday,1,8,2,February,1,2025,FALSE,FALSE,2025,1
20250218,2025-02-18,Tuesday,2,8,2,February,1,2025,FALSE,FALSE,2025,1
20250219,2025-02-19,Wednesday,3,8,2,February,1,2025,FALSE,FALSE,2025,1
20250220,2025-02-20,Thursday,4,8,2,February,1,2025,FALSE,FALSE,2025,1
20250221,2025-02-21,Friday,5,8,2,February,1,2025,FALSE,FALSE,2025,1
20250222,2025-02-22,Saturday,6,8,2,February,1,2025,TRUE,FALSE,2025,1
20250223,2025-02-23,Sunday,7,8,2,February,1,2025,TRUE,FALSE,2025,1
20250224,2025-02-24,Monday,1,9,2,February,1,2025,FALSE,FALSE,2025,1
20250225,2025-02-25,Tuesday,2,9,2,February,1,2025,FALSE,FALSE,2025,1
20250226,2025-02-26,Wednesday,3,9,2,February,1,2025,FALSE,FALSE,2025,1
20250227,2025-02-27,Thursday,4,9,2,February,1,2025,FALSE,FALSE,2025,1
20250228,2025-02-28,Friday,5,9,2,February,1,2025,FALSE,FALSE,2025,1
20250301,2025-03-01,Saturday,6,9,3,March,1,2025,TRUE,FALSE,2025,1
20250302,2025-03-02,Sunday,7,9,3,March,1,2025,TRUE,FALSE,2025,1
20250303,2025-03-03,Monday,1,10,3,March,1,2025,FALSE,FALSE,2025,1
20250304,2025-03-04,Tuesday,2,10,3,March,1,2025,FALSE,FALSE,2025,1
20250305,2025-03-05,Wednesday,3,10,3,March,1,2025,FALSE,FALSE,2025,1
20250306,2025-03-06,Thursday,4,10,3,March,1,2025,FALSE,FALSE,2025,1
20250307,2025-03-07,Friday,5,10,3,March,1,2025,FALSE,FALSE,2025,1
20250308,2025-03-08,Saturday,6,10,3,March,1,2025,TRUE,FALSE,2025,1
20250309,2025-03-09,Sunday,7,10,3,March,1,2025,TRUE,FALSE,2025,1
20250310,2025-03-10,Monday,1,11,3,March,1,2025,FALSE,FALSE,2025,1
20250311,2025-03-11,Tuesday,2,11,3,March,1,2025,FALSE,FALSE,2025,1
20250312,2025-03-12,Wednesday,3,11,3,March,1,2025,FALSE,FALSE,2025,1
20250313,2025-03-13,Thursday,4,11,3,March,1,2025,FALSE,FALSE,2025,1
20250314,2025-03-14,Friday,5,11,3,March,1,2025,FALSE,FALSE,2025,1
20250315,2025-03-15,Saturday,6,11,3,March,1,2025,TRUE,FALSE,2025,1
20250316,2025-03-16,Sunday,7,11,3,March,1,2025,TRUE,FALSE,2025,1
20250317,2025-03-17,Monday,1,12,3,March,1,2025,FALSE,FALSE,2025,1
20250318,2025-03-18,Tuesday,2,12,3,March,1,2025,FALSE,FALSE,2025,1
20250319,2025-03-19,Wednesday,3,12,3,March,1,2025,FALSE,FALSE,2025,1
20250320,2025-03-20,Thursday,4,12,3,March,1,2025,FALSE,FALSE,2025,1
20250321,2025-03-21,Friday,5,12,3,March,1,2025,FALSE,FALSE,2025,1
20250322,2025-03-22,Saturday,6,12,3,March,1,2025,TRUE,FALSE,2025,1
20250323,2025-03-23,Sunday,7,12,3,March,1,2025,TRUE,FALSE,2025,1
20250324,2025-03-24,Monday,1,13,3,March,1,2025,FALSE,FALSE,2025,1
20250325,2025-03-25,Tuesday,2,13,3,March,1,2025,FALSE,FALSE,2025,1
20250326,2025-03-26,Wednesday,3,13,3,March,1,2025,FALSE,FALSE,2025,1
20250327,2025-03-27,Thursday,4,13,3,March,1,2025,FALSE,FALSE,2025,1
20250328,2025-03-28,Friday,5,13,3,March,1,2025,FALSE,FALSE,2025,1
20250329,2025-03-29,Saturday,6,13,3,March,1,2025,TRUE,FALSE,2025,1
20250330,2025-03-30,Sunday,7,13,3,March,1,2025,TRUE,FALSE,2025,1
20250331,2025-03-31,Monday,1,14,3,March,1,2025,FALSE,FALSE,2025,1
20250401,2025-04-01,Tuesday,2,14,4,April,2,2025,FALSE,FALSE,2025,2
20250402,2025-04-02,Wednesday,3,14,4,April,2,2025,FALSE,FALSE,2025,2
20250403,2025-04-03,Thursday,4,14,4,April,2,2025,FALSE,FALSE,2025,2
20250404,2025-04-04,Friday,5,14,4,April,2,2025,FALSE,FALSE,2025,2
20250405,2025-04-05,Saturday,6,14,4,April,2,2025,TRUE,FALSE,2025,2
20250406,2025-04-06,Sunday,7,14,4,April,2,2025,TRUE,FALSE,2025,2
20250407,2025-04-07,Monday,1,15,4,April,2,2025,FALSE,FALSE,2025,2
20250408,2025-04-08,Tuesday,2,15,4,April,2,2025,FALSE,FALSE,2025,2
20250409,2025-04-09,Wednesday,3,15,4,April,2,2025,FALSE,FALSE,2025,2
20250410,2025-04-10,Thursday,4,15,4,April,2,2025,FALSE,FALSE,2025,2
20250411,2025-04-11,Friday,5,15,4,April,2,2025,FALSE,FALSE,2025,2
20250412,2025-04-12,Saturday,6,15,4,April,2,2025,TRUE,FALSE,2025,2
20250413,2025-04-13,Sunday,7,15,4,April,2,2025,TRUE,FALSE,2025,2
20250414,2025-04-14,Monday,1,16,4,April,2,2025,FALSE,FALSE,2025,2
20250415,2025-04-15,Tuesday,2,16,4,April,2,2025,FALSE,FALSE,2025,2
20250416,2025-04-16,Wednesday,3,16,4,April,2,2025,FALSE,FALSE,2025,2
20250417,2025-04-17,Thursday,4,16,4,April,2,2025,FALSE,FALSE,2025,2
20250418,2025-04-18,Friday,5,16,4,April,2,2025,FALSE,FALSE,2025,2
20250419,2025-04-19,Saturday,6,16,4,April,2,2025,TRUE,FALSE,2025,2
20250420,2025-04-20,Sunday,7,16,4,April,2,2025,TRUE,FALSE,2025,2
20250421,2025-04-21,Monday,1,17,4,April,2,2025,FALSE,FALSE,2025,2
20250422,2025-04-22,Tuesday,2,17,4,April,2,2025,FALSE,FALSE,2025,2
20250423,2025-04-23,Wednesday,3,17,4,April,2,2025,FALSE,FALSE,2025,2
20250424,2025-04-24,Thursday,4,17,4,April,2,2025,FALSE,FALSE,2025,2
20250425,2025-04-25,Friday,5,17,4,April,2,2025,FALSE,FALSE,2025,2
20250426,2025-04-26,Saturday,6,17,4,April,2,2025,TRUE,FALSE,2025,2
20250427,2025-04-27,Sunday,7,17,4,April,2,2025,TRUE,FALSE,2025,2
20250428,2025-04-28,Monday,1,18,4,April,2,2025,FALSE,FALSE,2025,2
20250429,2025-04-29,Tuesday,2,18,4,April,2,2025,FALSE,FALSE,2025,2
20250430,2025-04-30,Wednesday,3,18,4,April,2,2025,FALSE,FALSE,2025,2
20250501,2025-05-01,Thursday,4,18,5,May,2,2025,FALSE,FALSE,2025,2
20250502,2025-05-02,Friday,5,18,5,May,2,2025,FALSE,FALSE,2025,2
20250503,2025-05-03,Saturday,6,18,5,May,2,2025,TRUE,FALSE,2025,2
20250504,2025-05-04,Sunday,7,18,5,May,2,2025,TRUE,FALSE,2025,2
20250505,2025-05-05,Monday,1,19,5,May,2,2025,FALSE,FALSE,2025,2
20250506,2025-05-06,Tuesday,2,19,5,May,2,2025,FALSE,FALSE,2025,2
20250507,2025-05-07,Wednesday,3,19,5,May,2,2025,FALSE,FALSE,2025,2
20250508,2025-05-08,Thursday,4,19,5,May,2,2025,FALSE,FALSE,2025,2
20250509,2025-05-09,Friday,5,19,5,May,2,2025,FALSE,FALSE,2025,2
20250510,2025-05-10,Saturday,6,19,5,May,2,2025,TRUE,FALSE,2025,2
20250511,2025-05-11,Sunday,7,19,5,May,2,2025,TRUE,FALSE,2025,2
20250512,2025-05-12,Monday,1,20,5,May,2,2025,FALSE,FALSE,2025,2
20250513,2025-05-13,Tuesday,2,20,5,May,2,2025,FALSE,FALSE,2025,2
20250514,2025-05-14,Wednesday,3,20,5,May,2,2025,FALSE,FALSE,2025,2
20250515,2025-05-15,Thursday,4,20,5,May,2,2025,FALSE,FALSE,2025,2
20250516,2025-05-16,Friday,5,20,5,May,2,2025,FALSE,FALSE,2025,2
20250517,2025-05-17,Saturday,6,20,5,May,2,2025,TRUE,FALSE,2025,2
20250518,2025-05-18,Sunday,7,20,5,May,2,2025,TRUE,FALSE,2025,2
20250519,2025-05-19,Monday,1,21,5,May,2,2025,FALSE,FALSE,2025,2
20250520,2025-05-20,Tuesday,2,21,5,May,2,2025,FALSE,FALSE,2025,2
20250521,2025-05-21,Wednesday,3,21,5,May,2,2025,FALSE,FALSE,2025,2
20250522,2025-05-22,Thursday,4,21,5,May,2,2025,FALSE,FALSE,2025,2
20250523,2025-05-23,Friday,5,21,5,May,2,2025,FALSE,FALSE,2025,2
20250524,2025-05-24,Saturday,6,21,5,May,2,2025,TRUE,FALSE,2025,2
20250525,2025-05-25,Sunday,7,21,5,May,2,2025,TRUE,FALSE,2025,2
20250526,2025-05-26,Monday,1,22,5,May,2,2025,FALSE,FALSE,2025,2
20250527,2025-05-27,Tuesday,2,22,5,May,2,2025,FALSE,FALSE,2025,2
20250528,2025-05-28,Wednesday,3,22,5,May,2,2025,FALSE,FALSE,2025,2
20250529,2025-05-29,Thursday,4,22,5,May,2,2025,FALSE,FALSE,2025,2
20250530,2025-05-30,Friday,5,22,5,May,2,2025,FALSE,FALSE,2025,2
20250531,2025-05-31,Saturday,6,22,5,May,2,2025,TRUE,FALSE,2025,2
20250601,2025-06-01,Sunday,7,22,6,June,2,2025,TRUE,FALSE,2025,2
20250602,2025-06-02,Monday,1,23,6,June,2,2025,FALSE,FALSE,2025,2
20250603,2025-06-03,Tuesday,2,23,6,June,2,2025,FALSE,FALSE,2025,2
20250604,2025-06-04,Wednesday,3,23,6,June,2,2025,FALSE,FALSE,2025,2
20250605,2025-06-05,Thursday,4,23,6,June,2,2025,FALSE,TRUE,2025,2
20250606,2025-06-06,Friday,5,23,6,June,2,2025,FALSE,FALSE,2025,2
20250607,2025-06-07,Saturday,6,23,6,June,2,2025,TRUE,FALSE,2025,2
20250608,2025-06-08,Sunday,7,23,6,June,2,2025,TRUE,FALSE,2025,2
20250609,2025-06-09,Monday,1,24,6,June,2,2025,FALSE,FALSE,2025,2
20250610,2025-06-10,Tuesday,2,24,6,June,2,2025,FALSE,FALSE,2025,2
20250611,2025-06-11,Wednesday,3,24,6,June,2,2025,FALSE,FALSE,2025,2
20250612,2025-06-12,Thursday,4,24,6,June,2,2025,FALSE,FALSE,2025,2
20250613,2025-06-13,Friday,5,24,6,June,2,2025,FALSE,FALSE,2025,2
20250614,2025-06-14,Saturday,6,24,6,June,2,2025,TRUE,FALSE,2025,2
20250615,2025-06-15,Sunday,7,24,6,June,2,2025,TRUE,FALSE,2025,2
20250616,2025-06-16,Monday,1,25,6,June,2,2025,FALSE,FALSE,2025,2
20250617,2025-06-17,Tuesday,2,25,6,June,2,2025,FALSE,FALSE,2025,2
20250618,2025-06-18,Wednesday,3,25,6,June,2,2025,FALSE,FALSE,2025,2
20250619,2025-06-19,Thursday,4,25,6,June,2,2025,FALSE,FALSE,2025,2
20250620,2025-06-20,Friday,5,25,6,June,2,2025,FALSE,FALSE,2025,2
20250621,2025-06-21,Saturday,6,25,6,June,2,2025,TRUE,FALSE,2025,2
20250622,2025-06-22,Sunday,7,25,6,June,2,2025,TRUE,FALSE,2025,2
20250623,2025-06-23,Monday,1,26,6,June,2,2025,FALSE,FALSE,2025,2
20250624,2025-06-24,Tuesday,2,26,6,June,2,2025,FALSE,FALSE,2025,2
20250625,2025-06-25,Wednesday,3,26,6,June,2,2025,FALSE,FALSE,2025,2
20250626,2025-06-26,Thursday,4,26,6,June,2,2025,FALSE,FALSE,2025,2
20250627,2025-06-27,Friday,5,26,6,June,2,2025,FALSE,FALSE,2025,2
20250628,2025-06-28,Saturday,6,26,6,June,2,2025,TRUE,FALSE,2025,2
20250629,2025-06-29,Sunday,7,26,6,June,2,2025,TRUE,FALSE,2025,2
20250630,2025-06-30,Monday,1,27,6,June,2,2025,FALSE,FALSE,2025,2
20250701,2025-07-01,Tuesday,2,27,7,July,3,2025,FALSE,FALSE,2025,3
20250702,2025-07-02,Wednesday,3,27,7,July,3,2025,FALSE,FALSE,2025,3
20250703,2025-07-03,Thursday,4,27,7,July,3,2025,FALSE,FALSE,2025,3
20250704,2025-07-04,Friday,5,27,7,July,3,2025,FALSE,FALSE,2025,3
20250705,2025-07-05,Saturday,6,27,7,July,3,2025,TRUE,FALSE,2025,3
20250706,2025-07-06,Sunday,7,27,7,July,3,2025,TRUE,FALSE,2025,3
20250707,2025-07-07,Monday,1,28,7,July,3,2025,FALSE,FALSE,2025,3
20250708,2025-07-08,Tuesday,2,28,7,July,3,2025,FALSE,FALSE,2025,3
20250709,2025-07-09,Wednesday,3,28,7,July,3,2025,FALSE,FALSE,2025,3
20250710,2025-07-10,Thursday,4,28,7,July,3,2025,FALSE,FALSE,2025,3
20250711,2025-07-11,Friday,5,28,7,July,3,2025,FALSE,FALSE,2025,3
20250712,2025-07-12,Saturday,6,28,7,July,3,2025,TRUE,FALSE,2025,3
20250713,2025-07-13,Sunday,7,28,7,July,3,2025,TRUE,FALSE,2025,3
20250714,2025-07-14,Monday,1,29,7,July,3,2025,FALSE,FALSE,2025,3
20250715,2025-07-15,Tuesday,2,29,7,July,3,2025,FALSE,FALSE,2025,3
20250716,2025-07-16,Wednesday,3,29,7,July,3,2025,FALSE,FALSE,2025,3
20250717,2025-07-17,Thursday,4,29,7,July,3,2025,FALSE,FALSE,2025,3
20250718,2025-07-18,Friday,5,29,7,July,3,2025,FALSE,FALSE,2025,3
20250719,2025-07-19,Saturday,6,29,7,July,3,2025,TRUE,FALSE,2025,3
20250720,2025-07-20,Sunday,7,29,7,July,3,2025,TRUE,FALSE,2025,3
20250721,2025-07-21,Monday,1,30,7,July,3,2025,FALSE,FALSE,2025,3
20250722,2025-07-22,Tuesday,2,30,7,July,3,2025,FALSE,FALSE,2025,3
20250723,2025-07-23,Wednesday,3,30,7,July,3,2025,FALSE,FALSE,2025,3
20250724,2025-07-24,Thursday,4,30,7,July,3,2025,FALSE,FALSE,2025,3
20250725,2025-07-25,Friday,5,30,7,July,3,2025,FALSE,FALSE,2025,3
20250726,2025-07-26,Saturday,6,30,7,July,3,2025,TRUE,FALSE,2025,3
20250727,2025-07-27,Sunday,7,30,7,July,3,2025,TRUE,FALSE,2025,3
20250728,2025-07-28,Monday,1,31,7,July,3,2025,FALSE,FALSE,2025,3
20250729,2025-07-29,Tuesday,2,31,7,July,3,2025,FALSE,FALSE,2025,3
20250730,2025-07-30,Wednesday,3,31,7,July,3,2025,FALSE,FALSE,2025,3
20250731,2025-07-31,Thursday,4,31,7,July,3,2025,FALSE,FALSE,2025,3
20250801,2025-08-01,Friday,5,31,8,August,3,2025,FALSE,FALSE,2025,3
20250802,2025-08-02,Saturday,6,31,8,August,3,2025,TRUE,FALSE,2025,3
20250803,2025-08-03,Sunday,7,31,8,August,3,2025,TRUE,FALSE,2025,3
20250804,2025-08-04,Monday,1,32,8,August,3,2025,FALSE,FALSE,2025,3
20250805,2025-08-05,Tuesday,2,32,8,August,3,2025,FALSE,FALSE,2025,3
20250806,2025-08-06,Wednesday,3,32,8,August,3,2025,FALSE,FALSE,2025,3
20250807,2025-08-07,Thursday,4,32,8,August,3,2025,FALSE,FALSE,2025,3
20250808,2025-08-08,Friday,5,32,8,August,3,2025,FALSE,FALSE,2025,3
20250809,2025-08-09,Saturday,6,32,8,August,3,2025,TRUE,FALSE,2025,3
20250810,2025-08-10,Sunday,7,32,8,August,3,2025,TRUE,FALSE,2025,3
20250811,2025-08-11,Monday,1,33,8,August,3,2025,FALSE,FALSE,2025,3
20250812,2025-08-12,Tuesday,2,33,8,August,3,2025,FALSE,FALSE,2025,3
20250813,2025-08-13,Wednesday,3,33,8,August,3,2025,FALSE,FALSE,2025,3
20250814,2025-08-14,Thursday,4,33,8,August,3,2025,FALSE,FALSE,2025,3
20250815,2025-08-15,Friday,5,33,8,August,3,2025,FALSE,FALSE,2025,3
20250816,2025-08-16,Saturday,6,33,8,August,3,2025,TRUE,FALSE,2025,3
20250817,2025-08-17,Sunday,7,33,8,August,3,2025,TRUE,FALSE,2025,3
20250818,2025-08-18,Monday,1,34,8,August,3,2025,FALSE,FALSE,2025,3
20250819,2025-08-19,Tuesday,2,34,8,August,3,2025,FALSE,FALSE,2025,3
20250820,2025-08-20,Wednesday,3,34,8,August,3,2025,FALSE,FALSE,2025,3
20250821,2025-08-21,Thursday,4,34,8,August,3,2025,FALSE,FALSE,2025,3
20250822,2025-08-22,Friday,5,34,8,August,3,2025,FALSE,FALSE,2025,3
20250823,2025-08-23,Saturday,6,34,8,August,3,2025,TRUE,FALSE,2025,3
20250824,2025-08-24,Sunday,7,34,8,August,3,2025,TRUE,FALSE,2025,3
20250825,2025-08-25,Monday,1,35,8,August,3,2025,FALSE,FALSE,2025,3
20250826,2025-08-26,Tuesday,2,35,8,August,3,2025,FALSE,FALSE,2025,3
20250827,2025-08-27,Wednesday,3,35,8,August,3,2025,FALSE,FALSE,2025,3
20250828,2025-08-28,Thursday,4,35,8,August,3,2025,FALSE,FALSE,2025,3
20250829,2025-08-29,Friday,5,35,8,August,3,2025,FALSE,FALSE,2025,3
20250830,2025-08-30,Saturday,6,35,8,August,3,2025,TRUE,FALSE,2025,3
20250831,2025-08-31,Sunday,7,35,8,August,3,2025,TRUE,FALSE,2025,3
20250901,2025-09-01,Monday,1,36,9,September,3,2025,FALSE,FALSE,2025,3
20250902,2025-09-02,Tuesday,2,36,9,September,3,2025,FALSE,FALSE,2025,3
20250903,2025-09-03,Wednesday,3,36,9,September,3,2025,FALSE,FALSE,2025,3
20250904,2025-09-04,Thursday,4,36,9,September,3,2025,FALSE,FALSE,2025,3
20250905,2025-09-05,Friday,5,36,9,September,3,2025,FALSE,FALSE,2025,3
20250906,2025-09-06,Saturday,6,36,9,September,3,2025,TRUE,FALSE,2025,3
20250907,2025-09-07,Sunday,7,36,9,September,3,2025,TRUE,FALSE,2025,3
20250908,2025-09-08,Monday,1,37,9,September,3,2025,FALSE,FALSE,2025,3
20250909,2025-09-09,Tuesday,2,37,9,September,3,2025,FALSE,FALSE,2025,3
20250910,2025-09-10,Wednesday,3,37,9,September,3,2025,FALSE,FALSE,2025,3
20250911,2025-09-11,Thursday,4,37,9,September,3,2025,FALSE,FALSE,2025,3
20250912,2025-09-12,Friday,5,37,9,September,3,2025,FALSE,FALSE,2025,3
20250913,2025-09-13,Saturday,6,37,9,September,3,2025,TRUE,FALSE,2025,3
20250914,2025-09-14,Sunday,7,37,9,September,3,2025,TRUE,FALSE,2025,3
20250915,2025-09-15,Monday,1,38,9,September,3,2025,FALSE,FALSE,2025,3
20250916,2025-09-16,Tuesday,2,38,9,September,3,2025,FALSE,FALSE,2025,3
20250917,2025-09-17,Wednesday,3,38,9,September,3,2025,FALSE,FALSE,2025,3
20250918,2025-09-18,Thursday,4,38,9,September,3,2025,FALSE,FALSE,2025,3
20250919,2025-09-19,Friday,5,38,9,September,3,2025,FALSE,FALSE,2025,3
20250920,2025-09-20,Saturday,6,38,9,September,3,2025,TRUE,FALSE,2025,3
20250921,2025-09-21,Sunday,7,38,9,September,3,2025,TRUE,FALSE,2025,3
20250922,2025-09-22,Monday,1,39,9,September,3,2025,FALSE,FALSE,2025,3
20250923,2025-09-23,Tuesday,2,39,9,September,3,2025,FALSE,FALSE,2025,3
20250924,2025-09-24,Wednesday,3,39,9,September,3,2025,FALSE,FALSE,2025,3
20250925,2025-09-25,Thursday,4,39,9,September,3,2025,FALSE,FALSE,2025,3
20250926,2025-09-26,Friday,5,39,9,September,3,2025,FALSE,FALSE,2025,3
20250927,2025-09-27,Saturday,6,39,9,September,3,2025,TRUE,FALSE,2025,3
20250928,2025-09-28,Sunday,7,39,9,September,3,2025,TRUE,FALSE,2025,3
20250929,2025-09-29,Monday,1,40,9,September,3,2025,FALSE,FALSE,2025,3
20250930,2025-09-30,Tuesday,2,40,9,September,3,2025,FALSE,FALSE,2025,3
20251001,2025-10-01,Wednesday,3,40,10,October,4,2025,FALSE,FALSE,2025,4
20251002,2025-10-02,Thursday,4,40,10,October,4,2025,FALSE,FALSE,2025,4
20251003,2025-10-03,Friday,5,40,10,October,4,2025,FALSE,FALSE,2025,4
20251004,2025-10-04,Saturday,6,40,10,October,4,2025,TRUE,FALSE,2025,4
20251005,2025-10-05,Sunday,7,40,10,October,4,2025,TRUE,FALSE,2025,4
20251006,2025-10-06,Monday,1,41,10,October,4,2025,FALSE,FALSE,2025,4
20251007,2025-10-07,Tuesday,2,41,10,October,4,2025,FALSE,FALSE,2025,4
20251008,2025-10-08,Wednesday,3,41,10,October,4,2025,FALSE,FALSE,2025,4
20251009,2025-10-09,Thursday,4,41,10,October,4,2025,FALSE,FALSE,2025,4
20251010,2025-10-10,Friday,5,41,10,October,4,2025,FALSE,FALSE,2025,4
20251011,2025-10-11,Saturday,6,41,10,October,4,2025,TRUE,FALSE,2025,4
20251012,2025-10-12,Sunday,7,41,10,October,4,2025,TRUE,FALSE,2025,4
20251013,2025-10-13,Monday,1,42,10,October,4,2025,FALSE,FALSE,2025,4
20251014,2025-10-14,Tuesday,2,42,10,October,4,2025,FALSE,FALSE,2025,4
20251015,2025-10-15,Wednesday,3,42,10,October,4,2025,FALSE,FALSE,2025,4
20251016,2025-10-16,Thursday,4,42,10,October,4,2025,FALSE,FALSE,2025,4
20251017,2025-10-17,Friday,5,42,10,October,4,2025,FALSE,FALSE,2025,4
20251018,2025-10-18,Saturday,6,42,10,October,4,2025,TRUE,FALSE,2025,4
20251019,2025-10-19,Sunday,7,42,10,October,4,2025,TRUE,FALSE,2025,4
20251020,2025-10-20,Monday,1,43,10,October,4,2025,FALSE,FALSE,2025,4
20251021,2025-10-21,Tuesday,2,43,10,October,4,2025,FALSE,FALSE,2025,4
20251022,2025-10-22,Wednesday,3,43,10,October,4,2025,FALSE,FALSE,2025,4
20251023,2025-10-23,Thursday,4,43,10,October,4,2025,FALSE,FALSE,2025,4
20251024,2025-10-24,Friday,5,43,10,October,4,2025,FALSE,FALSE,2025,4
20251025,2025-10-25,Saturday,6,43,10,October,4,2025,TRUE,FALSE,2025,4
20251026,2025-10-26,Sunday,7,43,10,October,4,2025,TRUE,FALSE,2025,4
20251027,2025-10-27,Monday,1,44,10,October,4,2025,FALSE,FALSE,2025,4
20251028,2025-10-28,Tuesday,2,44,10,October,4,2025,FALSE,FALSE,2025,4
20251029,2025-10-29,Wednesday,3,44,10,October,4,2025,FALSE,FALSE,2025,4
20251030,2025-10-30,Thursday,4,44,10,October,4,2025,FALSE,FALSE,2025,4
20251031,2025-10-31,Friday,5,44,10,October,4,2025,FALSE,FALSE,2025,4
20251101,2025-11-01,Saturday,6,44,11,November,4,2025,TRUE,FALSE,2025,4
20251102,2025-11-02,Sunday,7,44,11,November,4,2025,TRUE,FALSE,2025,4
20251103,2025-11-03,Monday,1,45,11,November,4,2025,FALSE,FALSE,2025,4
20251104,2025-11-04,Tuesday,2,45,11,November,4,2025,FALSE,FALSE,2025,4
20251105,2025-11-05,Wednesday,3,45,11,November,4,2025,FALSE,FALSE,2025,4
20251106,2025-11-06,Thursday,4,45,11,November,4,2025,FALSE,FALSE,2025,4
20251107,2025-11-07,Friday,5,45,11,November,4,2025,FALSE,FALSE,2025,4
20251108,2025-11-08,Saturday,6,45,11,November,4,2025,TRUE,FALSE,2025,4
20251109,2025-11-09,Sunday,7,45,11,November,4,2025,TRUE,FALSE,2025,4
20251110,2025-11-10,Monday,1,46,11,November,4,2025,FALSE,FALSE,2025,4
20251111,2025-11-11,Tuesday,2,46,11,November,4,2025,FALSE,FALSE,2025,4
20251112,2025-11-12,Wednesday,3,46,11,November,4,2025,FALSE,FALSE,2025,4
20251113,2025-11-13,Thursday,4,46,11,November,4,2025,FALSE,FALSE,2025,4
20251114,2025-11-14,Friday,5,46,11,November,4,2025,FALSE,FALSE,2025,4
20251115,2025-11-15,Saturday,6,46,11,November,4,2025,TRUE,FALSE,2025,4
20251116,2025-11-16,Sunday,7,46,11,November,4,2025,TRUE,FALSE,2025,4
20251117,2025-11-17,Monday,1,47,11,November,4,2025,FALSE,FALSE,2025,4
20251118,2025-11-18,Tuesday,2,47,11,November,4,2025,FALSE,FALSE,2025,4
20251119,2025-11-19,Wednesday,3,47,11,November,4,2025,FALSE,FALSE,2025,4
20251120,2025-11-20,Thursday,4,47,11,November,4,2025,FALSE,FALSE,2025,4
20251121,2025-11-21,Friday,5,47,11,November,4,2025,FALSE,FALSE,2025,4
20251122,2025-11-22,Saturday,6,47,11,November,4,2025,TRUE,FALSE,2025,4
20251123,2025-11-23,Sunday,7,47,11,November,4,2025,TRUE,FALSE,2025,4
20251124,2025-11-24,Monday,1,48,11,November,4,2025,FALSE,FALSE,2025,4
20251125,2025-11-25,Tuesday,2,48,11,November,4,2025,FALSE,FALSE,2025,4
20251126,2025-11-26,Wednesday,3,48,11,November,4,2025,FALSE,FALSE,2025,4
20251127,2025-11-27,Thursday,4,48,11,November,4,2025,FALSE,FALSE,2025,4
20251128,2025-11-28,Friday,5,48,11,November,4,2025,FALSE,FALSE,2025,4
20251129,2025-11-29,Saturday,6,48,11,November,4,2025,TRUE,FALSE,2025,4
20251130,2025-11-30,Sunday,7,48,11,November,4,2025,TRUE,FALSE,2025,4
20251201,2025-12-01,Monday,1,49,12,December,4,2025,FALSE,FALSE,2025,4
20251202,2025-12-02,Tuesday,2,49,12,December,4,2025,FALSE,FALSE,2025,4
20251203,2025-12-03,Wednesday,3,49,12,December,4,2025,FALSE,FALSE,2025,4
20251204,2025-12-04,Thursday,4,49,12,December,4,2025,FALSE,FALSE,2025,4
20251205,2025-12-05,Friday,5,49,12,December,4,2025,FALSE,FALSE,2025,4
20251206,2025-12-06,Saturday,6,49,12,December,4,2025,TRUE,FALSE,2025,4
20251207,2025-12-07,Sunday,7,49,12,December,4,2025,TRUE,FALSE,2025,4
20251208,2025-12-08,Monday,1,50,12,December,4,2025,FALSE,FALSE,2025,4
20251209,2025-12-09,Tuesday,2,50,12,December,4,2025,FALSE,FALSE,2025,4
20251210,2025-12-10,Wednesday,3,50,12,December,4,2025,FALSE,FALSE,2025,4
20251211,2025-12-11,Thursday,4,50,12,December,4,2025,FALSE,FALSE,2025,4
20251212,2025-12-12,Friday,5,50,12,December,4,2025,FALSE,FALSE,2025,4
20251213,2025-12-13,Saturday,6,50,12,December,4,2025,TRUE,FALSE,2025,4
20251214,2025-12-14,Sunday,7,50,12,December,4,2025,TRUE,FALSE,2025,4
20251215,2025-12-15,Monday,1,51,12,December,4,2025,FALSE,FALSE,2025,4
20251216,2025-12-16,Tuesday,2,51,12,December,4,2025,FALSE,FALSE,2025,4
20251217,2025-12-17,Wednesday,3,51,12,December,4,2025,FALSE,FALSE,2025,4
20251218,2025-12-18,Thursday,4,51,12,December,4,2025,FALSE,FALSE,2025,4
20251219,2025-12-19,Friday,5,51,12,December,4,2025,FALSE,FALSE,2025,4
20251220,2025-12-20,Saturday,6,51,12,December,4,2025,TRUE,FALSE,2025,4
20251221,2025-12-21,Sunday,7,51,12,December,4,2025,TRUE,FALSE,2025,4
20251222,2025-12-22,Monday,1,52,12,December,4,2025,FALSE,FALSE,2025,4
20251223,2025-12-23,Tuesday,2,52,12,December,4,2025,FALSE,FALSE,2025,4
20251224,2025-12-24,Wednesday,3,52,12,December,4,2025,FALSE,TRUE,2025,4
20251225,2025-12-25,Thursday,4,52,12,December,4,2025,FALSE,TRUE,2025,4
20251226,2025-12-26,Friday,5,52,12,December,4,2025,FALSE,TRUE,2025,4
20251227,2025-12-27,Saturday,6,52,12,December,4,2025,TRUE,FALSE,2025,4
20251228,2025-12-28,Sunday,7,52,12,December,4,2025,TRUE,FALSE,2025,4
20251229,2025-12-29,Monday,1,1,12,December,4,2025,FALSE,FALSE,2025,4
20251230,2025-12-30,Tuesday,2,1,12,December,4,2025,FALSE,FALSE,2025,4
20251231,2025-12-31,Wednesday,3,1,12,December,4,2025,FALSE,FALSE,2025,4
20260101,2026-01-01,Thursday,4,1,1,January,1,2026,FALSE,TRUE,2026,1
20260102,2026-01-02,Friday,5,1,1,January,1,2026,FALSE,FALSE,2026,1
20260103,2026-01-03,Saturday,6,1,1,January,1,2026,TRUE,FALSE,2026,1
20260104,2026-01-04,Sunday,7,1,1,January,1,2026,TRUE,FALSE,2026,1
20260105,2026-01-05,Monday,1,2,1,January,1,2026,FALSE,FALSE,2026,1
20260106,2026-01-06,Tuesday,2,2,1,January,1,2026,FALSE,FALSE,2026,1
20260107,2026-01-07,Wednesday,3,2,1,January,1,2026,FALSE,FALSE,2026,1
20260108,2026-01-08,Thursday,4,2,1,January,1,2026,FALSE,FALSE,2026,1
20260109,2026-01-09,Friday,5,2,1,January,1,2026,FALSE,FALSE,2026,1
20260110,2026-01-10,Saturday,6,2,1,January,1,2026,TRUE,FALSE,2026,1
20260111,2026-01-11,Sunday,7,2,1,January,1,2026,TRUE,FALSE,2026,1
20260112,2026-01-12,Monday,1,3,1,January,1,2026,FALSE,FALSE,2026,1
20260113,2026-01-13,Tuesday,2,3,1,January,1,2026,FALSE,FALSE,2026,1
20260114,2026-01-14,Wednesday,3,3,1,January,1,2026,FALSE,FALSE,2026,1
20260115,2026-01-15,Thursday,4,3,1,January,1,2026,FALSE,FALSE,2026,1
20260116,2026-01-16,Friday,5,3,1,January,1,2026,FALSE,FALSE,2026,1
20260117,2026-01-17,Saturday,6,3,1,January,1,2026,TRUE,FALSE,2026,1
20260118,2026-01-18,Sunday,7,3,1,January,1,2026,TRUE,FALSE,2026,1
20260119,2026-01-19,Monday,1,4,1,January,1,2026,FALSE,FALSE,2026,1
20260120,2026-01-20,Tuesday,2,4,1,January,1,2026,FALSE,FALSE,2026,1
20260121,2026-01-21,Wednesday,3,4,1,January,1,2026,FALSE,FALSE,2026,1
20260122,2026-01-22,Thursday,4,4,1,January,1,2026,FALSE,FALSE,2026,1
20260123,2026-01-23,Friday,5,4,1,January,1,2026,FALSE,FALSE,2026,1
20260124,2026-01-24,Saturday,6,4,1,January,1,2026,TRUE,FALSE,2026,1
20260125,2026-01-25,Sunday,7,4,1,January,1,2026,TRUE,FALSE,2026,1
20260126,2026-01-26,Monday,1,5,1,January,1,2026,FALSE,FALSE,2026,1
20260127,2026-01-27,Tuesday,2,5,1,January,1,2026,FALSE,FALSE,2026,1
20260128,2026-01-28,Wednesday,3,5,1,January,1,2026,FALSE,FALSE,2026,1
20260129,2026-01-29,Thursday,4,5,1,January,1,2026,FALSE,FALSE,2026,1
20260130,2026-01-30,Friday,5,5,1,January,1,2026,FALSE,FALSE,2026,1
20260131,2026-01-31,Saturday,6,5,1,January,1,2026,TRUE,FALSE,2026,1
20260201,2026-02-01,Sunday,7,5,2,February,1,2026,TRUE,FALSE,2026,1
20260202,2026-02-02,Monday,1,6,2,February,1,2026,FALSE,FALSE,2026,1
20260203,2026-02-03,Tuesday,2,6,2,February,1,2026,FALSE,FALSE,2026,1
20260204,2026-02-04,Wednesday,3,6,2,February,1,2026,FALSE,FALSE,2026,1
20260205,2026-02-05,Thursday,4,6,2,February,1,2026,FALSE,FALSE,2026,1
20260206,2026-02-06,Friday,5,6,2,February,1,2026,FALSE,FALSE,2026,1
20260207,2026-02-07,Saturday,6,6,2,February,1,2026,TRUE,FALSE,2026,1
20260208,2026-02-08,Sunday,7,6,2,February,1,2026,TRUE,FALSE,2026,1
20260209,2026-02-09,Monday,1,7,2,February,1,2026,FALSE,FALSE,2026,1
20260210,2026-02-10,Tuesday,2,7,2,February,1,2026,FALSE,FALSE,2026,1
20260211,2026-02-11,Wednesday,3,7,2,February,1,2026,FALSE,FALSE,2026,1
20260212,2026-02-12,Thursday,4,7,2,February,1,2026,FALSE,FALSE,2026,1
20260213,2026-02-13,Friday,5,7,2,February,1,2026,FALSE,FALSE,2026,1
20260214,2026-02-14,Saturday,6,7,2,February,1,2026,TRUE,FALSE,2026,1
20260215,2026-02-15,Sunday,7,7,2,February,1,2026,TRUE,FALSE,2026,1
20260216,2026-02-16,Monday,1,8,2,February,1,2026,FALSE,FALSE,2026,1
20260217,2026-02-17,Tuesday,2,8,2,February,1,2026,FALSE,FALSE,2026,1
20260218,2026-02-18,Wednesday,3,8,2,February,1,2026,FALSE,FALSE,2026,1
20260219,2026-02-19,Thursday,4,8,2,February,1,2026,FALSE,FALSE,2026,1
20260220,2026-02-20,Friday,5,8,2,February,1,2026,FALSE,FALSE,2026,1
20260221,2026-02-21,Saturday,6,8,2,February,1,2026,TRUE,FALSE,2026,1
20260222,2026-02-22,Sunday,7,8,2,February,1,2026,TRUE,FALSE,2026,1
20260223,2026-02-23,Monday,1,9,2,February,1,2026,FALSE,FALSE,2026,1
20260224,2026-02-24,Tuesday,2,9,2,February,1,2026,FALSE,FALSE,2026,1
20260225,2026-02-25,Wednesday,3,9,2,February,1,2026,FALSE,FALSE,2026,1
20260226,2026-02-26,Thursday,4,9,2,February,1,2026,FALSE,FALSE,2026,1
20260227,2026-02-27,Friday,5,9,2,February,1,2026,FALSE,FALSE,2026,1
20260228,2026-02-28,Saturday,6,9,2,February,1,2026,TRUE,FALSE,2026,1
20260301,2026-03-01,Sunday,7,9,3,March,1,2026,TRUE,FALSE,2026,1
20260302,2026-03-02,Monday,1,10,3,March,1,2026,FALSE,FALSE,2026,1
20260303,2026-03-03,Tuesday,2,10,3,March,1,2026,FALSE,FALSE,2026,1
20260304,2026-03-04,Wednesday,3,10,3,March,1,2026,FALSE,FALSE,2026,1
20260305,2026-03-05,Thursday,4,10,3,March,1,2026,FALSE,FALSE,2026,1
20260306,2026-03-06,Friday,5,10,3,March,1,2026,FALSE,FALSE,2026,1
20260307,2026-03-07,Saturday,6,10,3,March,1,2026,TRUE,FALSE,2026,1
20260308,2026-03-08,Sunday,7,10,3,March,1,2026,TRUE,FALSE,2026,1
20260309,2026-03-09,Monday,1,11,3,March,1,2026,FALSE,FALSE,2026,1
20260310,2026-03-10,Tuesday,2,11,3,March,1,2026,FALSE,FALSE,2026,1
20260311,2026-03-11,Wednesday,3,11,3,March,1,2026,FALSE,FALSE,2026,1
20260312,2026-03-12,Thursday,4,11,3,March,1,2026,FALSE,FALSE,2026,1
20260313,2026-03-13,Friday,5,11,3,March,1,2026,FALSE,FALSE,2026,1
20260314,2026-03-14,Saturday,6,11,3,March,1,2026,TRUE,FALSE,2026,1
20260315,2026-03-15,Sunday,7,11,3,March,1,2026,TRUE,FALSE,2026,1
20260316,2026-03-16,Monday,1,12,3,March,1,2026,FALSE,FALSE,2026,1
20260317,2026-03-17,Tuesday,2,12,3,March,1,2026,FALSE,FALSE,2026,1
20260318,2026-03-18,Wednesday,3,12,3,March,1,2026,FALSE,FALSE,2026,1
20260319,2026-03-19,Thursday,4,12,3,March,1,2026,FALSE,FALSE,2026,1
20260320,2026-03-20,Friday,5,12,3,March,1,2026,FALSE,FALSE,2026,1
20260321,2026-03-21,Saturday,6,12,3,March,1,2026,TRUE,FALSE,2026,1
20260322,2026-03-22,Sunday,7,12,3,March,1,2026,TRUE,FALSE,2026,1
20260323,2026-03-23,Monday,1,13,3,March,1,2026,FALSE,FALSE,2026,1
20260324,2026-03-24,Tuesday,2,13,3,March,1,2026,FALSE,FALSE,2026,1
20260325,2026-03-25,Wednesday,3,13,3,March,1,2026,FALSE,FALSE,2026,1
20260326,2026-03-26,Thursday,4,13,3,March,1,2026,FALSE,FALSE,2026,1
20260327,2026-03-27,Friday,5,13,3,March,1,2026,FALSE,FALSE,2026,1
20260328,2026-03-28,Saturday,6,13,3,March,1,2026,TRUE,FALSE,2026,1
20260329,2026-03-29,Sunday,7,13,3,March,1,2026,TRUE,FALSE,2026,1
20260330,2026-03-30,Monday,1,14,3,March,1,2026,FALSE,FALSE,2026,1
20260331,2026-03-31,Tuesday,2,14,3,March,1,2026,FALSE,FALSE,2026,1
20260401,2026-04-01,Wednesday,3,14,4,April,2,2026,FALSE,FALSE,2026,2
20260402,2026-04-02,Thursday,4,14,4,April,2,2026,FALSE,FALSE,2026,2
20260403,2026-04-03,Friday,5,14,4,April,2,2026,FALSE,FALSE,2026,2
20260404,2026-04-04,Saturday,6,14,4,April,2,2026,TRUE,FALSE,2026,2
20260405,2026-04-05,Sunday,7,14,4,April,2,2026,TRUE,FALSE,2026,2
20260406,2026-04-06,Monday,1,15,4,April,2,2026,FALSE,FALSE,2026,2
20260407,2026-04-07,Tuesday,2,15,4,April,2,2026,FALSE,FALSE,2026,2
20260408,2026-04-08,Wednesday,3,15,4,April,2,2026,FALSE,FALSE,2026,2
20260409,2026-04-09,Thursday,4,15,4,April,2,2026,FALSE,FALSE,2026,2
20260410,2026-04-10,Friday,5,15,4,April,2,2026,FALSE,FALSE,2026,2
20260411,2026-04-11,Saturday,6,15,4,April,2,2026,TRUE,FALSE,2026,2
20260412,2026-04-12,Sunday,7,15,4,April,2,2026,TRUE,FALSE,2026,2
20260413,2026-04-13,Monday,1,16,4,April,2,2026,FALSE,FALSE,2026,2
20260414,2026-04-14,Tuesday,2,16,4,April,2,2026,FALSE,FALSE,2026,2
20260415,2026-04-15,Wednesday,3,16,4,April,2,2026,FALSE,FALSE,2026,2
20260416,2026-04-16,Thursday,4,16,4,April,2,2026,FALSE,FALSE,2026,2
20260417,2026-04-17,Friday,5,16,4,April,2,2026,FALSE,FALSE,2026,2
20260418,2026-04-18,Saturday,6,16,4,April,2,2026,TRUE,FALSE,2026,2
20260419,2026-04-19,Sunday,7,16,4,April,2,2026,TRUE,FALSE,2026,2
20260420,2026-04-20,Monday,1,17,4,April,2,2026,FALSE,FALSE,2026,2
20260421,2026-04-21,Tuesday,2,17,4,April,2,2026,FALSE,FALSE,2026,2
20260422,2026-04-22,Wednesday,3,17,4,April,2,2026,FALSE,FALSE,2026,2
20260423,2026-04-23,Thursday,4,17,4,April,2,2026,FALSE,FALSE,2026,2
20260424,2026-04-24,Friday,5,17,4,April,2,2026,FALSE,FALSE,2026,2
20260425,2026-04-25,Saturday,6,17,4,April,2,2026,TRUE,FALSE,2026,2
20260426,2026-04-26,Sunday,7,17,4,April,2,2026,TRUE,FALSE,2026,2
20260427,2026-04-27,Monday,1,18,4,April,2,2026,FALSE,FALSE,2026,2
20260428,2026-04-28,Tuesday,2,18,4,April,2,2026,FALSE,FALSE,2026,2
20260429,2026-04-29,Wednesday,3,18,4,April,2,2026,FALSE,FALSE,2026,2
20260430,2026-04-30,Thursday,4,18,4,April,2,2026,FALSE,FALSE,2026,2
20260501,2026-05-01,Friday,5,18,5,May,2,2026,FALSE,FALSE,2026,2
20260502,2026-05-02,Saturday,6,18,5,May,2,2026,TRUE,FALSE,2026,2
20260503,2026-05-03,Sunday,7,18,5,May,2,2026,TRUE,FALSE,2026,2
20260504,2026-05-04,Monday,1,19,5,May,2,2026,FALSE,FALSE,2026,2
20260505,2026-05-05,Tuesday,2,19,5,May,2,2026,FALSE,FALSE,2026,2
20260506,2026-05-06,Wednesday,3,19,5,May,2,2026,FALSE,FALSE,2026,2
20260507,2026-05-07,Thursday,4,19,5,May,2,2026,FALSE,FALSE,2026,2
20260508,2026-05-08,Friday,5,19,5,May,2,2026,FALSE,FALSE,2026,2
20260509,2026-05-09,Saturday,6,19,5,May,2,2026,TRUE,FALSE,2026,2
20260510,2026-05-10,Sunday,7,19,5,May,2,2026,TRUE,FALSE,2026,2
20260511,2026-05-11,Monday,1,20,5,May,2,2026,FALSE,FALSE,2026,2
20260512,2026-05-12,Tuesday,2,20,5,May,2,2026,FALSE,FALSE,2026,2
20260513,2026-05-13,Wednesday,3,20,5,May,2,2026,FALSE,FALSE,2026,2
20260514,2026-05-14,Thursday,4,20,5,May,2,2026,FALSE,FALSE,2026,2
20260515,2026-05-15,Friday,5,20,5,May,2,2026,FALSE,FALSE,2026,2
20260516,2026-05-16,Saturday,6,20,5,May,2,2026,TRUE,FALSE,2026,2
20260517,2026-05-17,Sunday,7,20,5,May,2,2026,TRUE,FALSE,2026,2
20260518,2026-05-18,Monday,1,21,5,May,2,2026,FALSE,FALSE,2026,2
20260519,2026-05-19,Tuesday,2,21,5,May,2,2026,FALSE,FALSE,2026,2
20260520,2026-05-20,Wednesday,3,21,5,May,2,2026,FALSE,FALSE,2026,2
20260521,2026-05-21,Thursday,4,21,5,May,2,2026,FALSE,FALSE,2026,2
20260522,2026-05-22,Friday,5,21,5,May,2,2026,FALSE,FALSE,2026,2
20260523,2026-05-23,Saturday,6,21,5,May,2,2026,TRUE,FALSE,2026,2
20260524,2026-05-24,Sunday,7,21,5,May,2,2026,TRUE,FALSE,2026,2
20260525,2026-05-25,Monday,1,22,5,May,2,2026,FALSE,FALSE,2026,2
20260526,2026-05-26,Tuesday,2,22,5,May,2,2026,FALSE,FALSE,2026,2
20260527,2026-05-27,Wednesday,3,22,5,May,2,2026,FALSE,FALSE,2026,2
20260528,2026-05-28,Thursday,4,22,5,May,2,2026,FALSE,FALSE,2026,2
20260529,2026-05-29,Friday,5,22,5,May,2,2026,FALSE,FALSE,2026,2
20260530,2026-05-30,Saturday,6,22,5,May,2,2026,TRUE,FALSE,2026,2
20260531,2026-05-31,Sunday,7,22,5,May,2,2026,TRUE,FALSE,2026,2
20260601,2026-06-01,Monday,1,23,6,June,2,2026,FALSE,FALSE,2026,2
20260602,2026-06-02,Tuesday,2,23,6,June,2,2026,FALSE,FALSE,2026,2
20260603,2026-06-03,Wednesday,3,23,6,June,2,2026,FALSE,FALSE,2026,2
20260604,2026-06-04,Thursday,4,23,6,June,2,2026,FALSE,FALSE,2026,2
20260605,2026-06-05,Friday,5,23,6,June,2,2026,FALSE,TRUE,2026,2
20260606,2026-06-06,Saturday,6,23,6,June,2,2026,TRUE,FALSE,2026,2
20260607,2026-06-07,Sunday,7,23,6,June,2,2026,TRUE,FALSE,2026,2
20260608,2026-06-08,Monday,1,24,6,June,2,2026,FALSE,FALSE,2026,2
20260609,2026-06-09,Tuesday,2,24,6,June,2,2026,FALSE,FALSE,2026,2
20260610,2026-06-10,Wednesday,3,24,6,June,2,2026,FALSE,FALSE,2026,2
20260611,2026-06-11,Thursday,4,24,6,June,2,2026,FALSE,FALSE,2026,2
20260612,2026-06-12,Friday,5,24,6,June,2,2026,FALSE,FALSE,2026,2
20260613,2026-06-13,Saturday,6,24,6,June,2,2026,TRUE,FALSE,2026,2
20260614,2026-06-14,Sunday,7,24,6,June,2,2026,TRUE,FALSE,2026,2
20260615,2026-06-15,Monday,1,25,6,June,2,2026,FALSE,FALSE,2026,2
20260616,2026-06-16,Tuesday,2,25,6,June,2,2026,FALSE,FALSE,2026,2
20260617,2026-06-17,Wednesday,3,25,6,June,2,2026,FALSE,FALSE,2026,2
20260618,2026-06-18,Thursday,4,25,6,June,2,2026,FALSE,FALSE,2026,2
20260619,2026-06-19,Friday,5,25,6,June,2,2026,FALSE,FALSE,2026,2
20260620,2026-06-20,Saturday,6,25,6,June,2,2026,TRUE,FALSE,2026,2
20260621,2026-06-21,Sunday,7,25,6,June,2,2026,TRUE,FALSE,2026,2
20260622,2026-06-22,Monday,1,26,6,June,2,2026,FALSE,FALSE,2026,2
20260623,2026-06-23,Tuesday,2,26,6,June,2,2026,FALSE,FALSE,2026,2
20260624,2026-06-24,Wednesday,3,26,6,June,2,2026,FALSE,FALSE,2026,2
20260625,2026-06-25,Thursday,4,26,6,June,2,2026,FALSE,FALSE,2026,2
20260626,2026-06-26,Friday,5,26,6,June,2,2026,FALSE,FALSE,2026,2
20260627,2026-06-27,Saturday,6,26,6,June,2,2026,TRUE,FALSE,2026,2
20260628,2026-06-28,Sunday,7,26,6,June,2,2026,TRUE,FALSE,2026,2
20260629,2026-06-29,Monday,1,27,6,June,2,2026,FALSE,FALSE,2026,2
20260630,2026-06-30,Tuesday,2,27,6,June,2,2026,FALSE,FALSE,2026,2
20260701,2026-07-01,Wednesday,3,27,7,July,3,2026,FALSE,FALSE,2026,3
20260702,2026-07-02,Thursday,4,27,7,July,3,2026,FALSE,FALSE,2026,3
20260703,2026-07-03,Friday,5,27,7,July,3,2026,FALSE,FALSE,2026,3
20260704,2026-07-04,Saturday,6,27,7,July,3,2026,TRUE,FALSE,2026,3
20260705,2026-07-05,Sunday,7,27,7,July,3,2026,TRUE,FALSE,2026,3
20260706,2026-07-06,Monday,1,28,7,July,3,2026,FALSE,FALSE,2026,3
20260707,2026-07-07,Tuesday,2,28,7,July,3,2026,FALSE,FALSE,2026,3
20260708,2026-07-08,Wednesday,3,28,7,July,3,2026,FALSE,FALSE,2026,3
20260709,2026-07-09,Thursday,4,28,7,July,3,2026,FALSE,FALSE,2026,3
20260710,2026-07-10,Friday,5,28,7,July,3,2026,FALSE,FALSE,2026,3
20260711,2026-07-11,Saturday,6,28,7,July,3,2026,TRUE,FALSE,2026,3
20260712,2026-07-12,Sunday,7,28,7,July,3,2026,TRUE,FALSE,2026,3
20260713,2026-07-13,Monday,1,29,7,July,3,2026,FALSE,FALSE,2026,3
20260714,2026-07-14,Tuesday,2,29,7,July,3,2026,FALSE,FALSE,2026,3
20260715,2026-07-15,Wednesday,3,29,7,July,3,2026,FALSE,FALSE,2026,3
20260716,2026-07-16,Thursday,4,29,7,July,3,2026,FALSE,FALSE,2026,3
20260717,2026-07-17,Friday,5,29,7,July,3,2026,FALSE,FALSE,2026,3
20260718,2026-07-18,Saturday,6,29,7,July,3,2026,TRUE,FALSE,2026,3
20260719,2026-07-19,Sunday,7,29,7,July,3,2026,TRUE,FALSE,2026,3
20260720,2026-07-20,Monday,1,30,7,July,3,2026,FALSE,FALSE,2026,3
20260721,2026-07-21,Tuesday,2,30,7,July,3,2026,FALSE,FALSE,2026,3
20260722,2026-07-22,Wednesday,3,30,7,July,3,2026,FALSE,FALSE,2026,3
20260723,2026-07-23,Thursday,4,30,7,July,3,2026,FALSE,FALSE,2026,3
20260724,2026-07-24,Friday,5,30,7,July,3,2026,FALSE,FALSE,2026,3
20260725,2026-07-25,Saturday,6,30,7,July,3,2026,TRUE,FALSE,2026,3
20260726,2026-07-26,Sunday,7,30,7,July,3,2026,TRUE,FALSE,2026,3
20260727,2026-07-27,Monday,1,31,7,July,3,2026,FALSE,FALSE,2026,3
20260728,2026-07-28,Tuesday,2,31,7,July,3,2026,FALSE,FALSE,2026,3
20260729,2026-07-29,Wednesday,3,31,7,July,3,2026,FALSE,FALSE,2026,3
20260730,2026-07-30,Thursday,4,31,7,July,3,2026,FALSE,FALSE,2026,3
20260731,2026-07-31,Friday,5,31,7,July,3,2026,FALSE,FALSE,2026,3
20260801,2026-08-01,Saturday,6,31,8,August,3,2026,TRUE,FALSE,2026,3
20260802,2026-08-02,Sunday,7,31,8,August,3,2026,TRUE,FALSE,2026,3
20260803,2026-08-03,Monday,1,32,8,August,3,2026,FALSE,FALSE,2026,3
20260804,2026-08-04,Tuesday,2,32,8,August,3,2026,FALSE,FALSE,2026,3
20260805,2026-08-05,Wednesday,3,32,8,August,3,2026,FALSE,FALSE,2026,3
20260806,2026-08-06,Thursday,4,32,8,August,3,2026,FALSE,FALSE,2026,3
20260807,2026-08-07,Friday,5,32,8,August,3,2026,FALSE,FALSE,2026,3
20260808,2026-08-08,Saturday,6,32,8,August,3,2026,TRUE,FALSE,2026,3
20260809,2026-08-09,Sunday,7,32,8,August,3,2026,TRUE,FALSE,2026,3
20260810,2026-08-10,Monday,1,33,8,August,3,2026,FALSE,FALSE,2026,3
20260811,2026-08-11,Tuesday,2,33,8,August,3,2026,FALSE,FALSE,2026,3
20260812,2026-08-12,Wednesday,3,33,8,August,3,2026,FALSE,FALSE,2026,3
20260813,2026-08-13,Thursday,4,33,8,August,3,2026,FALSE,FALSE,2026,3
20260814,2026-08-14,Friday,5,33,8,August,3,2026,FALSE,FALSE,2026,3
20260815,2026-08-15,Saturday,6,33,8,August,3,2026,TRUE,FALSE,2026,3
20260816,2026-08-16,Sunday,7,33,8,August,3,2026,TRUE,FALSE,2026,3
20260817,2026-08-17,Monday,1,34,8,August,3,2026,FALSE,FALSE,2026,3
20260818,2026-08-18,Tuesday,2,34,8,August,3,2026,FALSE,FALSE,2026,3
20260819,2026-08-19,Wednesday,3,34,8,August,3,2026,FALSE,FALSE,2026,3
20260820,2026-08-20,Thursday,4,34,8,August,3,2026,FALSE,FALSE,2026,3
20260821,2026-08-21,Friday,5,34,8,August,3,2026,FALSE,FALSE,2026,3
20260822,2026-08-22,Saturday,6,34,8,August,3,2026,TRUE,FALSE,2026,3
20260823,2026-08-23,Sunday,7,34,8,August,3,2026,TRUE,FALSE,2026,3
20260824,2026-08-24,Monday,1,35,8,August,3,2026,FALSE,FALSE,2026,3
20260825,2026-08-25,Tuesday,2,35,8,August,3,2026,FALSE,FALSE,2026,3
20260826,2026-08-26,Wednesday,3,35,8,August,3,2026,FALSE,FALSE,2026,3
20260827,2026-08-27,Thursday,4,35,8,August,3,2026,FALSE,FALSE,2026,3
20260828,2026-08-28,Friday,5,35,8,August,3,2026,FALSE,FALSE,2026,3
20260829,2026-08-29,Saturday,6,35,8,August,3,2026,TRUE,FALSE,2026,3
20260830,2026-08-30,Sunday,7,35,8,August,3,2026,TRUE,FALSE,2026,3
20260831,2026-08-31,Monday,1,36,8,August,3,2026,FALSE,FALSE,2026,3
20260901,2026-09-01,Tuesday,2,36,9,September,3,2026,FALSE,FALSE,2026,3
20260902,2026-09-02,Wednesday,3,36,9,September,3,2026,FALSE,FALSE,2026,3
20260903,2026-09-03,Thursday,4,36,9,September,3,2026,FALSE,FALSE,2026,3
20260904,2026-09-04,Friday,5,36,9,September,3,2026,FALSE,FALSE,2026,3
20260905,2026-09-05,Saturday,6,36,9,September,3,2026,TRUE,FALSE,2026,3
20260906,2026-09-06,Sunday,7,36,9,September,3,2026,TRUE,FALSE,2026,3
20260907,2026-09-07,Monday,1,37,9,September,3,2026,FALSE,FALSE,2026,3
20260908,2026-09-08,Tuesday,2,37,9,September,3,2026,FALSE,FALSE,2026,3
20260909,2026-09-09,Wednesday,3,37,9,September,3,2026,FALSE,FALSE,2026,3
20260910,2026-09-10,Thursday,4,37,9,September,3,2026,FALSE,FALSE,2026,3
20260911,2026-09-11,Friday,5,37,9,September,3,2026,FALSE,FALSE,2026,3
20260912,2026-09-12,Saturday,6,37,9,September,3,2026,TRUE,FALSE,2026,3
20260913,2026-09-13,Sunday,7,37,9,September,3,2026,TRUE,FALSE,2026,3
20260914,2026-09-14,Monday,1,38,9,September,3,2026,FALSE,FALSE,2026,3
20260915,2026-09-15,Tuesday,2,38,9,September,3,2026,FALSE,FALSE,2026,3
20260916,2026-09-16,Wednesday,3,38,9,September,3,2026,FALSE,FALSE,2026,3
20260917,2026-09-17,Thursday,4,38,9,September,3,2026,FALSE,FALSE,2026,3
20260918,2026-09-18,Friday,5,38,9,September,3,2026,FALSE,FALSE,2026,3
20260919,2026-09-19,Saturday,6,38,9,September,3,2026,TRUE,FALSE,2026,3
20260920,2026-09-20,Sunday,7,38,9,September,3,2026,TRUE,FALSE,2026,3
20260921,2026-09-21,Monday,1,39,9,September,3,2026,FALSE,FALSE,2026,3
20260922,2026-09-22,Tuesday,2,39,9,September,3,2026,FALSE,FALSE,2026,3
20260923,2026-09-23,Wednesday,3,39,9,September,3,2026,FALSE,FALSE,2026,3
20260924,2026-09-24,Thursday,4,39,9,September,3,2026,FALSE,FALSE,2026,3
20260925,2026-09-25,Friday,5,39,9,September,3,2026,FALSE,FALSE,2026,3
20260926,2026-09-26,Saturday,6,39,9,September,3,2026,TRUE,FALSE,2026,3
20260927,2026-09-27,Sunday,7,39,9,September,3,2026,TRUE,FALSE,2026,3
20260928,2026-09-28,Monday,1,40,9,September,3,2026,FALSE,FALSE,2026,3
20260929,2026-09-29,Tuesday,2,40,9,September,3,2026,FALSE,FALSE,2026,3
20260930,2026-09-30,Wednesday,3,40,9,September,3,2026,FALSE,FALSE,2026,3
20261001,2026-10-01,Thursday,4,40,10,October,4,2026,FALSE,FALSE,2026,4
20261002,2026-10-02,Friday,5,40,10,October,4,2026,FALSE,FALSE,2026,4
20261003,2026-10-03,Saturday,6,40,10,October,4,2026,TRUE,FALSE,2026,4
20261004,2026-10-04,Sunday,7,40,10,October,4,2026,TRUE,FALSE,2026,4
20261005,2026-10-05,Monday,1,41,10,October,4,2026,FALSE,FALSE,2026,4
20261006,2026-10-06,Tuesday,2,41,10,October,4,2026,FALSE,FALSE,2026,4
20261007,2026-10-07,Wednesday,3,41,10,October,4,2026,FALSE,FALSE,2026,4
20261008,2026-10-08,Thursday,4,41,10,October,4,2026,FALSE,FALSE,2026,4
20261009,2026-10-09,Friday,5,41,10,October,4,2026,FALSE,FALSE,2026,4
20261010,2026-10-10,Saturday,6,41,10,October,4,2026,TRUE,FALSE,2026,4
20261011,2026-10-11,Sunday,7,41,10,October,4,2026,TRUE,FALSE,2026,4
20261012,2026-10-12,Monday,1,42,10,October,4,2026,FALSE,FALSE,2026,4
20261013,2026-10-13,Tuesday,2,42,10,October,4,2026,FALSE,FALSE,2026,4
20261014,2026-10-14,Wednesday,3,42,10,October,4,2026,FALSE,FALSE,2026,4
20261015,2026-10-15,Thursday,4,42,10,October,4,2026,FALSE,FALSE,2026,4
20261016,2026-10-16,Friday,5,42,10,October,4,2026,FALSE,FALSE,2026,4
20261017,2026-10-17,Saturday,6,42,10,October,4,2026,TRUE,FALSE,2026,4
20261018,2026-10-18,Sunday,7,42,10,October,4,2026,TRUE,FALSE,2026,4
20261019,2026-10-19,Monday,1,43,10,October,4,2026,FALSE,FALSE,2026,4
20261020,2026-10-20,Tuesday,2,43,10,October,4,2026,FALSE,FALSE,2026,4
20261021,2026-10-21,Wednesday,3,43,10,October,4,2026,FALSE,FALSE,2026,4
20261022,2026-10-22,Thursday,4,43,10,October,4,2026,FALSE,FALSE,2026,4
20261023,2026-10-23,Friday,5,43,10,October,4,2026,FALSE,FALSE,2026,4
20261024,2026-10-24,Saturday,6,43,10,October,4,2026,TRUE,FALSE,2026,4
20261025,2026-10-25,Sunday,7,43,10,October,4,2026,TRUE,FALSE,2026,4
20261026,2026-10-26,Monday,1,44,10,October,4,2026,FALSE,FALSE,2026,4
20261027,2026-10-27,Tuesday,2,44,10,October,4,2026,FALSE,FALSE,2026,4
20261028,2026-10-28,Wednesday,3,44,10,October,4,2026,FALSE,FALSE,2026,4
20261029,2026-10-29,Thursday,4,44,10,October,4,2026,FALSE,FALSE,2026,4
20261030,2026-10-30,Friday,5,44,10,October,4,2026,FALSE,FALSE,2026,4
20261031,2026-10-31,Saturday,6,44,10,October,4,2026,TRUE,FALSE,2026,4
20261101,2026-11-01,Sunday,7,44,11,November,4,2026,TRUE,FALSE,2026,4
20261102,2026-11-02,Monday,1,45,11,November,4,2026,FALSE,FALSE,2026,4
20261103,2026-11-03,Tuesday,2,45,11,November,4,2026,FALSE,FALSE,2026,4
20261104,2026-11-04,Wednesday,3,45,11,November,4,2026,FALSE,FALSE,2026,4
20261105,2026-11-05,Thursday,4,45,11,November,4,2026,FALSE,FALSE,2026,4
20261106,2026-11-06,Friday,5,45,11,November,4,2026,FALSE,FALSE,2026,4
20261107,2026-11-07,Saturday,6,45,11,November,4,2026,TRUE,FALSE,2026,4
20261108,2026-11-08,Sunday,7,45,11,November,4,2026,TRUE,FALSE,2026,4
20261109,2026-11-09,Monday,1,46,11,November,4,2026,FALSE,FALSE,2026,4
20261110,2026-11-10,Tuesday,2,46,11,November,4,2026,FALSE,FALSE,2026,4
20261111,2026-11-11,Wednesday,3,46,11,November,4,2026,FALSE,FALSE,2026,4
20261112,2026-11-12,Thursday,4,46,11,November,4,2026,FALSE,FALSE,2026,4
20261113,2026-11-13,Friday,5,46,11,November,4,2026,FALSE,FALSE,2026,4
20261114,2026-11-14,Saturday,6,46,11,November,4,2026,TRUE,FALSE,2026,4
20261115,2026-11-15,Sunday,7,46,11,November,4,2026,TRUE,FALSE,2026,4
20261116,2026-11-16,Monday,1,47,11,November,4,2026,FALSE,FALSE,2026,4
20261117,2026-11-17,Tuesday,2,47,11,November,4,2026,FALSE,FALSE,2026,4
20261118,2026-11-18,Wednesday,3,47,11,November,4,2026,FALSE,FALSE,2026,4
20261119,2026-11-19,Thursday,4,47,11,November,4,2026,FALSE,FALSE,2026,4
20261120,2026-11-20,Friday,5,47,11,November,4,2026,FALSE,FALSE,2026,4
20261121,2026-11-21,Saturday,6,47,11,November,4,2026,TRUE,FALSE,2026,4
20261122,2026-11-22,Sunday,7,47,11,November,4,2026,TRUE,FALSE,2026,4
20261123,2026-11-23,Monday,1,48,11,November,4,2026,FALSE,FALSE,2026,4
20261124,2026-11-24,Tuesday,2,48,11,November,4,2026,FALSE,FALSE,2026,4
20261125,2026-11-25,Wednesday,3,48,11,November,4,2026,FALSE,FALSE,2026,4
20261126,2026-11-26,Thursday,4,48,11,November,4,2026,FALSE,FALSE,2026,4
20261127,2026-11-27,Friday,5,48,11,November,4,2026,FALSE,FALSE,2026,4
20261128,2026-11-28,Saturday,6,48,11,November,4,2026,TRUE,FALSE,2026,4
20261129,2026-11-29,Sunday,7,48,11,November,4,2026,TRUE,FALSE,2026,4
20261130,2026-11-30,Monday,1,49,11,November,4,2026,FALSE,FALSE,2026,4
20261201,2026-12-01,Tuesday,2,49,12,December,4,2026,FALSE,FALSE,2026,4
20261202,2026-12-02,Wednesday,3,49,12,December,4,2026,FALSE,FALSE,2026,4
20261203,2026-12-03,Thursday,4,49,12,December,4,2026,FALSE,FALSE,2026,4
20261204,2026-12-04,Friday,5,49,12,December,4,2026,FALSE,FALSE,2026,4
20261205,2026-12-05,Saturday,6,49,12,December,4,2026,TRUE,FALSE,2026,4
20261206,2026-12-06,Sunday,7,49,12,December,4,2026,TRUE,FALSE,2026,4
20261207,2026-12-07,Monday,1,50,12,December,4,2026,FALSE,FALSE,2026,4
20261208,2026-12-08,Tuesday,2,50,12,December,4,2026,FALSE,FALSE,2026,4
20261209,2026-12-09,Wednesday,3,50,12,December,4,2026,FALSE,FALSE,2026,4
20261210,2026-12-10,Thursday,4,50,12,December,4,2026,FALSE,FALSE,2026,4
20261211,2026-12-11,Friday,5,50,12,December,4,2026,FALSE,FALSE,2026,4
20261212,2026-12-12,Saturday,6,50,12,December,4,2026,TRUE,FALSE,2026,4
20261213,2026-12-13,Sunday,7,50,12,December,4,2026,TRUE,FALSE,2026,4
20261214,2026-12-14,Monday,1,51,12,December,4,2026,FALSE,FALSE,2026,4
20261215,2026-12-15,Tuesday,2,51,12,December,4,2026,FALSE,FALSE,2026,4
20261216,2026-12-16,Wednesday,3,51,12,December,4,2026,FALSE,FALSE,2026,4
20261217,2026-12-17,Thursday,4,51,12,December,4,2026,FALSE,FALSE,2026,4
20261218,2026-12-18,Friday,5,51,12,December,4,2026,FALSE,FALSE,2026,4
20261219,2026-12-19,Saturday,6,51,12,December,4,2026,TRUE,FALSE,2026,4
20261220,2026-12-20,Sunday,7,51,12,December,4,2026,TRUE,FALSE,2026,4
20261221,2026-12-21,Monday,1,52,12,December,4,2026,FALSE,FALSE,2026,4
20261222,2026-12-22,Tuesday,2,52,12,December,4,2026,FALSE,FALSE,2026,4
20261223,2026-12-23,Wednesday,3,52,12,December,4,2026,FALSE,FALSE,2026,4
20261224,2026-12-24,Thursday,4,52,12,December,4,2026,FALSE,TRUE,2026,4
20261225,2026-12-25,Friday,5,52,12,December,4,2026,FALSE,TRUE,2026,4
20261226,2026-12-26,Saturday,6,52,12,December,4,2026,TRUE,TRUE,2026,4
20261227,2026-12-27,Sunday,7,52,12,December,4,2026,TRUE,FALSE,2026,4
20261228,2026-12-28,Monday,1,53,12,December,4,2026,FALSE,FALSE,2026,4
20261229,2026-12-29,Tuesday,2,53,12,December,4,2026,FALSE,FALSE,2026,4
20261230,2026-12-30,Wednesday,3,53,12,December,4,2026,FALSE,FALSE,2026,4
20261231,2026-12-31,Thursday,4,53,12,December,4,2026,FALSE,FALSE,2026,4
